,datetime,step,distance,calories,heartRate
0,2023-06-03 23:11:00,16,0.01,0.61,69
1,2023-06-03 22:05:00,11,0.0,0.41,74
2,2023-06-03 21:29:00,89,0.05,3.21,87
3,2023-06-03 21:19:00,237,0.14,7.21,85
4,2023-06-03 21:06:00,148,0.07,4.82,73
5,2023-06-03 19:02:00,122,0.07,3.66,66
6,2023-06-03 18:18:00,96,0.05,3.2,75
7,2023-06-03 18:05:00,31,0.02,0.98,63
8,2023-06-03 17:43:00,50,0.03,1.6,96
9,2023-06-03 17:31:00,31,0.02,1.21,76
10,2023-06-03 17:19:00,55,0.02,1.7,70
11,2023-06-03 17:05:00,373,0.24,12.18,83
12,2023-06-03 16:55:00,920,0.57,29.3,79
13,2023-06-03 16:45:00,486,0.31,16.18,88
14,2023-06-03 16:35:00,879,0.56,28.37,85
15,2023-06-03 16:24:00,816,0.53,26.65,91
16,2023-06-03 16:14:00,763,0.45,22.89,82
17,2023-06-03 16:03:00,161,0.08,4.98,87
18,2023-06-03 14:42:00,63,0.03,1.9,69
19,2023-06-03 12:53:00,112,0.06,3.46,75
20,2023-06-03 12:36:00,26,0.02,0.83,73
21,2023-06-03 12:24:00,13,0.0,0.22,68
22,2023-06-03 12:13:00,83,0.05,2.75,85
23,2023-06-03 11:50:00,104,0.04,3.01,85
24,2023-06-03 11:40:00,75,0.04,2.18,88
25,2023-06-03 11:30:00,63,0.04,2.16,82
26,2023-06-03 11:20:00,145,0.09,5.0,80
27,2023-06-03 11:10:00,92,0.06,3.12,84
28,2023-06-03 11:00:00,90,0.05,2.59,85
29,2023-06-03 10:35:00,40,0.03,1.3,63
30,2023-06-03 09:50:00,134,0.07,4.68,75
31,2023-06-03 09:40:00,862,0.58,28.26,101
32,2023-06-03 09:30:00,240,0.14,7.4,83
33,2023-06-03 09:20:00,277,0.18,9.17,93
34,2023-06-03 09:10:00,430,0.23,13.45,88
35,2023-06-03 08:59:00,153,0.09,5.09,93
36,2023-06-03 08:49:00,176,0.1,5.85,93
37,2023-06-03 08:39:00,659,0.44,21.42,114
38,2023-06-03 08:29:00,451,0.3,15.34,95
39,2023-06-03 08:18:00,102,0.06,3.15,108
40,2023-06-03 07:58:00,29,0.02,1.01,108
41,2023-06-03 07:44:00,32,0.02,16.0,95
42,2023-06-03 07:24:00,373,0.2,41.0,115
43,2023-06-03 07:14:00,606,0.47,51.73,90
44,2023-06-03 07:04:00,1642,1.42,96.83,129
45,2023-06-03 06:54:00,1553,1.25,83.42,157
46,2023-06-03 06:44:00,1363,1.06,68.0,161
47,2023-06-03 06:34:00,1655,1.43,98.16,140
48,2023-06-03 06:24:00,1666,1.44,98.5,155
49,2023-06-03 06:14:00,1323,1.06,68.53,171
50,2023-06-03 06:04:00,318,0.2,10.24,138
51,2023-06-03 05:21:00,55,0.02,1.68,54
52,2023-06-03 03:32:00,15,0.0,0.3,76
53,2023-06-03 00:48:00,50,0.02,1.53,59
