"id","value","zhishu","rate","type","date"
"1","37.45万亿","2939.29","-1.47","上证指数","2023/10/23"
"2","65.52万亿","3474.24","-1.04","沪深300指数","2023/10/23"
"3","66.52万亿","3510.59","-0.65","沪深300指数","2023/10/20"
"4","37.96万亿","2983.06","-0.74","上证指数","2023/10/20"
"5","38.21万亿","3005.39","-1.74","上证指数","2023/10/19"
"6","38.97万亿","3058.71","-0.8","上证指数","2023/10/18"
"7","39.24万亿","3083.5","0.32","上证指数","2023/10/17"
"8","39.12万亿","3073.81","-0.46","上证指数","2023/10/16"
"9","39.23万亿","3088.1","-0.64","上证指数","2023/10/13"
"10","39.48万亿","3107.9","0.94","上证指数","2023/10/12"
"11","39.08万亿","3078.96","0.12","上证指数","2023/10/11"
"12","39.09万亿","3075.24","-0.7","上证指数","2023/10/10"
"13","39.37万亿","3096.92","-0.44","上证指数","2023/10/9"
"14","67.06万亿","3533.54","-2.13","沪深300指数","2023/10/19"
"15","68.22万亿","3610.58","-0.79","沪深300指数","2023/10/18"
"16","68.93万亿","3639.4","0.35","沪深300指数","2023/10/17"
"17","68.78万亿","3626.6","-1","沪深300指数","2023/10/16"
"18","69.24万亿","3663.41","-1.05","沪深300指数","2023/10/13"
"19","69.71万亿","3702.38","0.95","沪深300指数","2023/10/12"
"20","69.10万亿","3667.55","0.28","沪深300指数","2023/10/11"
"21","68.98万亿","3657.13","-0.75","沪深300指数","2023/10/10"
"22","69.35万亿","3684.73","-0.13","沪深300指数","2023/10/9"
"23","39.53万亿","3110.48","0.1","上证指数","2023/9/28"
"24","39.52万亿","3107.32","0.16","上证指数","2023/9/27"
"25","39.50万亿","3102.27","-0.43","上证指数","2023/9/26"
"26","39.66万亿","3115.61","-0.54","上证指数","2023/9/25"
"27","39.85万亿","3132.43","1.55","上证指数","2023/9/22"
"28","39.29万亿","3084.7","-0.77","上证指数","2023/9/21"
"29","39.58万亿","3108.57","-0.52","上证指数","2023/9/20"
"30","39.75万亿","3124.96","-0.03","上证指数","2023/9/19"
"31","69.53万亿","3689.52","-0.3","沪深300指数","2023/9/28"
"32","69.36万亿","3700.5","0.21","沪深300指数","2023/9/27"
"33","69.21万亿","3692.89","-0.58","沪深300指数","2023/9/26"
"34","69.50万亿","3714.6","-0.65","沪深300指数","2023/9/25"
"35","69.81万亿","3738.93","1.81","沪深300指数","2023/9/22"
"36","68.66万亿","3672.44","-0.9","沪深300指数","2023/9/21"
"37","69.16万亿","3705.69","-0.4","沪深300指数","2023/9/20"
"38","69.52万亿","3720.5","-0.19","沪深300指数","2023/9/19"
"39","69.72万亿","3727.71","0.51","沪深300指数","2023/9/18"
"40","69.40万亿","3708.78","-0.66","沪深300指数","2023/9/15"
"41","39.71万亿","3125.93","0.26","上证指数","2023/9/18"
"42","39.53万亿","3117.74","-0.28","上证指数","2023/9/15"
"43","39.68万亿","3126.55","0.11","上证指数","2023/9/14"
"44","39.58万亿","3123.07","-0.45","上证指数","2023/9/13"
"45","39.71万亿","3137.06","-0.18","上证指数","2023/9/12"
"46","39.78万亿","3142.78","0.84","上证指数","2023/9/11"
"47","39.46万亿","3116.72","-0.18","上证指数","2023/9/8"
"48","39.58万亿","3122.35","-1.13","上证指数","2023/9/7"
"49","39.94万亿","3158.08","0.12","上证指数","2023/9/6"
"50","39.92万亿","3154.37","-0.71","上证指数","2023/9/5"
"51","40.21万亿","3177.06","1.4","上证指数","2023/9/4"
"52","69.62万亿","3733.51","-0.08","沪深300指数","2023/9/14"
"53","69.69万亿","3736.65","-0.64","沪深300指数","2023/9/13"
"54","70.17万亿","3760.6","-0.18","沪深300指数","2023/9/12"
"55","70.27万亿","3767.54","0.74","沪深300指数","2023/9/11"
"56","69.63万亿","3739.99","-0.49","沪深300指数","2023/9/8"
"57","69.73万亿","3758.47","-1.4","沪深300指数","2023/9/7"
"58","70.66万亿","3812.03","-0.22","沪深300指数","2023/9/6"
"59","70.60万亿","3820.32","-0.74","沪深300指数","2023/9/5"
"60","71.07万亿","3848.95","1.52","沪深300指数","2023/9/4"
"61","39.58万亿","3133.25","0.43","上证指数","2023/9/1"
"62","39.34万亿","3119.88","-0.55","上证指数","2023/8/31"
"63","39.57万亿","3137.14","0.04","上证指数","2023/8/30"
"64","39.67万亿","3135.89","1.2","上证指数","2023/8/29"
"65","39.38万亿","3098.64","1.13","上证指数","2023/8/28"
"66","38.90万亿","3064.07","-0.59","上证指数","2023/8/25"
"67","39.05万亿","3082.24","0.12","上证指数","2023/8/24"
"68","39.01万亿","3078.4","-1.34","上证指数","2023/8/23"
"69","39.48万亿","3120.33","0.88","上证指数","2023/8/22"
"70","39.12万亿","3092.98","-1.24","上证指数","2023/8/21"
"71","70.02万亿","3791.49","0.7","沪深300指数","2023/9/1"
"72","69.71万亿","3765.27","-0.61","沪深300指数","2023/8/31"
"73","70.09万亿","3788.51","-0.04","沪深300指数","2023/8/30"
"74","70.01万亿","3790.11","1","沪深300指数","2023/8/29"
"75","68.87万亿","3752.62","1.17","沪深300指数","2023/8/28"
"76","68.10万亿","3709.15","-0.38","沪深300指数","2023/8/25"
"77","68.69万亿","3723.43","0.72","沪深300指数","2023/8/24"
"78","68.48万亿","3696.63","-1.64","沪深300指数","2023/8/23"
"79","69.55万亿","3758.23","0.77","沪深300指数","2023/8/22"
"80","39.61万亿","3131.95","-1","上证指数","2023/8/18"
"81","40.01万亿","3163.74","0.43","上证指数","2023/8/17"
"82","39.87万亿","3150.13","-0.82","上证指数","2023/8/16"
"83","40.15万亿","3176.18","-0.07","上证指数","2023/8/15"
"84","40.10万亿","3178.43","-0.34","上证指数","2023/8/14"
"85","40.23万亿","3189.25","-2.01","上证指数","2023/8/11"
"86","41.07万亿","3254.56","0.31","上证指数","2023/8/10"
"87","40.95万亿","3244.49","-0.49","上证指数","2023/8/9"
"88","41.14万亿","3260.62","-0.25","上证指数","2023/8/8"
"89","68.95万亿","3729.56","-1.44","沪深300指数","2023/8/21"
"90","69.75万亿","3784","-1.23","沪深300指数","2023/8/18"
"91","70.63万亿","3831.1","0.33","沪深300指数","2023/8/17"
"92","70.21万亿","3818.33","-0.73","沪深300指数","2023/8/16"
"93","70.80万亿","3846.54","-0.24","沪深300指数","2023/8/15"
"94","70.97万亿","3855.91","-0.73","沪深300指数","2023/8/14"
"95","71.09万亿","3884.25","-2.3","沪深300指数","2023/8/11"
"96","72.53万亿","3975.72","0.21","沪深300指数","2023/8/10"
"97","72.37万亿","3967.57","-0.31","沪深300指数","2023/8/9"
"98","41.23万亿","3268.83","-0.59","上证指数","2023/8/7"
"99","72.75万亿","3979.73","-0.26","沪深300指数","2023/8/8"
"100","72.96万亿","3990.15","-0.76","沪深300指数","2023/8/7"
"101","16.93万亿","9425.98","-1.51","深证指数","2023/10/23"
"102","17.17万亿","9570.36","-0.88","深证指数","2023/10/20"
"103","17.30万亿","9655.09","-1.65","深证指数","2023/10/19"
"104","17.60万亿","9816.68","-1.24","深证指数","2023/10/18"
"105","17.84万亿","9940.22","0.15","深证指数","2023/10/17"
"106","17.84万亿","9924.92","-1.42","深证指数","2023/10/16"
"107","17.99万亿","10068.3","-0.99","深证指数","2023/10/13"
"108","18.14万亿","10168.5","0.83","深证指数","2023/10/12"
"109","17.99万亿","10084.9","0.35","深证指数","2023/10/11"
"110","17.98万亿","10050","-0.56","深证指数","2023/10/10"
"111","18.08万亿","10107","-0.03","深证指数","2023/10/9"
"112","18.09万亿","10109.5","0.05","深证指数","2023/9/28"
"113","18.03万亿","10104.3","0.44","深证指数","2023/9/27"
"114","17.98万亿","10060.2","-0.6","深证指数","2023/9/26"
"115","18.07万亿","10120.6","-0.57","深证指数","2023/9/25"
"116","18.17万亿","10178.7","1.97","深证指数","2023/9/22"
"117","17.88万亿","9981.67","-0.9","深证指数","2023/9/21"
"118","18.03万亿","10072.5","-0.53","深证指数","2023/9/20"
"119","18.12万亿","10125.7","-0.73","深证指数","2023/9/19"
"120","18.24万亿","10200","0.55","深证指数","2023/9/18"
"121","18.15万亿","10144.6","-0.52","深证指数","2023/9/15"
"122","18.22万亿","10197.6","-0.57","深证指数","2023/9/14"
"123","18.29万亿","10255.9","-1.14","深证指数","2023/9/13"
"124","18.48万亿","10374","-0.08","深证指数","2023/9/12"
"125","18.46万亿","10382.4","0.98","深证指数","2023/9/11"
"126","18.27万亿","10281.9","-0.38","深证指数","2023/9/8"
"127","18.31万亿","10321.4","-1.84","深证指数","2023/9/7"
"128","18.61万亿","10515.2","-0.24","深证指数","2023/9/6"
"129","18.62万亿","10540.7","-0.67","深证指数","2023/9/5"
"130","18.76万亿","10611.7","1.41","深证指数","2023/9/4"
"131","18.45万亿","10463.7","0.44","深证指数","2023/9/1"
"132","18.33万亿","10418.2","-0.61","深证指数","2023/8/31"
"133","18.46万亿","10482.5","0.26","深证指数","2023/8/30"
"134","18.42万亿","10455","2.17","深证指数","2023/8/29"
"135","18.04万亿","10233.2","1.01","深证指数","2023/8/28"
"136","17.85万亿","10130.5","-1.23","深证指数","2023/8/25"
"137","18.07万亿","10256.2","1.02","深证指数","2023/8/24"
"138","17.97万亿","10152.6","-2.14","深证指数","2023/8/23"
"139","18.32万亿","10374.7","0.53","深证指数","2023/8/22"
"140","18.22万亿","10320.4","-1.32","深证指数","2023/8/21"
"141","18.42万亿","10458.5","-1.75","深证指数","2023/8/18"
"142","18.75万亿","10644.5","0.61","深证指数","2023/8/17"
"143","18.62万亿","10579.6","-0.94","深证指数","2023/8/16"
"144","18.77万亿","10679.7","-0.7","深证指数","2023/8/15"
"145","18.87万亿","10755.1","-0.5","深证指数","2023/8/14"
"146","18.90万亿","10808.9","-2.18","深证指数","2023/8/11"
"147","19.27万亿","11050.2","0.1","深证指数","2023/8/10"
"148","19.26万亿","11039.5","-0.53","深证指数","2023/8/9"
"149","19.40万亿","11098.5","-0.42","深证指数","2023/8/8"
"150","19.46万亿","11145","-0.83","深证指数","2023/8/7"
