time1,heartRate,steps
2023-05-01 10:37:00,81,12.0
2023-05-01 10:39:00,98,73.0
2023-05-01 10:40:00,84,88.0
2023-05-01 10:41:00,82,125.0
2023-05-01 10:43:00,82,126.0
2023-05-01 10:44:00,81,124.0
2023-05-01 10:49:00,83,38.0
2023-05-01 10:52:00,81,23.0
2023-05-01 11:19:00,90,106.0
2023-05-01 11:20:00,93,122.0
2023-05-01 11:23:00,97,127.0
2023-05-01 11:26:00,93,39.0
2023-05-01 11:28:00,95,72.0
2023-05-01 11:35:00,103,82.0
2023-05-01 11:36:00,96,23.0
2023-05-01 11:37:00,89,97.0
2023-05-01 11:38:00,81,40.0
2023-05-01 11:40:00,91,24.0
2023-05-01 11:41:00,92,27.0
2023-05-01 11:42:00,84,20.0
2023-05-01 11:43:00,55,64.0
2023-05-01 11:44:00,74,102.0
2023-05-01 11:45:00,80,95.0
2023-05-01 11:46:00,91,50.0
2023-05-01 11:48:00,87,23.0
2023-05-01 11:52:00,90,102.0
2023-05-01 11:53:00,85,18.0
2023-05-01 11:54:00,81,23.0
2023-05-01 12:10:00,79,75.0
2023-05-01 12:11:00,80,32.0
2023-05-01 12:13:00,80,51.0
2023-05-01 12:15:00,89,47.0
2023-05-01 12:16:00,103,28.0
2023-05-01 12:18:00,88,99.0
2023-05-01 12:19:00,86,18.0
2023-05-01 12:38:00,82,16.0
2023-05-01 12:39:00,102,6.0
2023-05-01 12:53:00,93,12.0
2023-05-01 13:05:00,82,35.0
2023-05-01 13:06:00,85,39.0
2023-05-01 13:07:00,92,70.0
2023-05-01 13:08:00,101,101.0
2023-05-01 13:09:00,90,48.0
2023-05-01 13:10:00,91,90.0
2023-05-01 13:11:00,94,98.0
2023-05-01 13:12:00,84,120.0
2023-05-01 13:13:00,80,17.0
2023-05-01 13:19:00,72,45.0
2023-05-01 13:20:00,88,99.0
2023-05-01 13:21:00,87,55.0
2023-05-01 13:22:00,83,80.0
2023-05-01 13:23:00,85,103.0
2023-05-01 13:24:00,81,31.0
2023-05-01 13:25:00,90,87.0
2023-05-01 13:26:00,76,32.0
2023-05-01 13:27:00,83,16.0
2023-05-01 13:28:00,86,61.0
2023-05-01 13:29:00,86,93.0
2023-05-01 13:30:00,86,96.0
2023-05-01 13:31:00,85,62.0
2023-05-01 13:34:00,87,39.0
2023-05-01 13:35:00,114,64.0
2023-05-01 13:36:00,88,24.0
2023-05-01 13:38:00,84,21.0
2023-05-01 13:39:00,97,17.0
2023-05-01 13:40:00,88,12.0
2023-05-01 13:41:00,81,10.0
2023-05-01 13:43:00,78,26.0
2023-05-01 13:44:00,84,103.0
2023-05-01 13:45:00,80,17.0
2023-05-01 13:46:00,81,38.0
2023-05-01 14:05:00,77,12.0
2023-05-01 14:07:00,92,16.0
2023-05-01 14:10:00,70,62.0
2023-05-01 14:11:00,78,38.0
2023-05-01 14:19:00,86,38.0
2023-05-01 14:20:00,91,56.0
2023-05-01 14:22:00,66,36.0
2023-05-01 14:28:00,66,14.0
2023-05-01 14:50:00,84,28.0
2023-05-01 14:51:00,79,13.0
2023-05-01 14:54:00,92,44.0
2023-05-01 14:57:00,93,81.0
2023-05-01 15:05:00,87,81.0
2023-05-01 15:06:00,82,79.0
2023-05-01 15:28:00,92,11.0
2023-05-01 16:01:00,80,15.0
2023-05-01 16:11:00,80,58.0
2023-05-01 16:19:00,49,48.0
2023-05-01 16:20:00,73,72.0
2023-05-01 16:21:00,82,58.0
2023-05-01 16:22:00,81,86.0
2023-05-01 16:23:00,86,78.0
2023-05-01 16:24:00,82,36.0
2023-05-01 16:25:00,82,21.0
2023-05-01 16:28:00,88,56.0
2023-05-01 16:29:00,70,26.0
2023-05-01 16:30:00,86,51.0
2023-05-01 16:31:00,92,39.0
2023-05-01 16:33:00,77,12.0
2023-05-01 16:34:00,84,56.0
2023-05-01 18:25:00,166,98.0
2023-05-01 18:26:00,112,15.0
2023-05-01 18:27:00,89,60.0
2023-05-01 18:28:00,81,11.0
2023-05-01 18:33:00,109,16.0
2023-05-01 18:34:00,86,106.0
2023-05-01 18:35:00,88,87.0
2023-05-01 18:36:00,92,23.0
2023-05-01 18:57:00,94,75.0
2023-05-01 18:58:00,84,69.0
2023-05-01 18:59:00,82,123.0
2023-05-01 19:00:00,114,125.0
2023-05-01 19:01:00,108,116.0
2023-05-01 19:02:00,93,44.0
2023-05-01 19:27:00,90,21.0
2023-05-01 19:28:00,94,52.0
2023-05-01 19:29:00,84,122.0
2023-05-01 19:30:00,91,113.0
2023-05-01 19:31:00,93,122.0
2023-05-01 19:32:00,109,120.0
2023-05-01 19:33:00,89,126.0
2023-05-01 19:34:00,83,124.0
2023-05-01 19:35:00,82,121.0
2023-05-01 19:36:00,100,122.0
2023-05-01 19:37:00,118,113.0
2023-05-01 19:40:00,109,105.0
2023-05-01 19:41:00,88,117.0
2023-05-01 19:43:00,102,11.0
2023-05-01 19:44:00,74,49.0
2023-05-01 19:45:00,79,19.0
2023-05-01 19:46:00,90,33.0
2023-05-01 19:57:00,85,17.0
2023-05-01 19:58:00,77,9.0
2023-05-02 01:19:00,79,21.0
2023-05-02 02:36:00,79,13.0
2023-05-02 03:47:00,62,17.0
2023-05-02 23:06:00,74,20.0
2023-05-03 10:37:00,74,36.0
2023-05-03 10:39:00,65,56.0
2023-05-03 10:40:00,81,114.0
2023-05-03 10:41:00,90,19.0
2023-05-03 10:42:00,82,88.0
2023-05-03 10:43:00,92,118.0
2023-05-03 10:44:00,93,13.0
2023-05-03 10:45:00,82,15.0
2023-05-03 10:49:00,68,14.0
2023-05-03 10:50:00,78,53.0
2023-05-03 10:51:00,90,23.0
2023-05-03 10:53:00,76,11.0
2023-05-03 10:54:00,98,42.0
2023-05-03 10:58:00,77,39.0
2023-05-03 10:59:00,80,103.0
2023-05-03 11:00:00,90,127.0
2023-05-03 11:01:00,83,123.0
2023-05-03 11:07:00,105,97.0
2023-05-03 11:11:00,80,15.0
2023-05-03 11:12:00,80,38.0
2023-05-03 11:19:00,75,80.0
2023-05-03 11:20:00,79,27.0
2023-05-03 11:21:00,89,11.0
2023-05-03 11:46:00,92,107.0
2023-05-03 11:47:00,97,127.0
2023-05-03 11:48:00,95,126.0
2023-05-03 11:49:00,95,85.0
2023-05-03 11:50:00,84,92.0
2023-05-03 11:51:00,83,43.0
2023-05-03 11:52:00,80,62.0
2023-05-03 12:00:00,82,14.0
2023-05-03 12:01:00,81,45.0
2023-05-03 12:02:00,93,55.0
2023-05-03 12:03:00,84,13.0
2023-05-03 12:06:00,81,79.0
2023-05-03 12:07:00,86,25.0
2023-05-03 13:14:00,70,32.0
2023-05-03 13:15:00,76,44.0
2023-05-03 13:16:00,80,55.0
2023-05-03 13:17:00,85,53.0
2023-05-03 13:18:00,92,12.0
2023-05-03 13:46:00,89,65.0
2023-05-03 13:47:00,85,57.0
2023-05-03 13:48:00,81,122.0
2023-05-03 13:49:00,81,124.0
2023-05-03 13:50:00,108,70.0
2023-05-03 13:51:00,87,80.0
2023-05-03 13:53:00,100,47.0
2023-05-03 13:55:00,104,89.0
2023-05-03 13:56:00,119,97.0
2023-05-03 13:58:00,110,94.0
2023-05-03 13:59:00,107,91.0
2023-05-03 14:02:00,84,82.0
2023-05-03 14:15:00,105,90.0
2023-05-03 14:17:00,86,23.0
2023-05-03 15:43:00,64,57.0
2023-05-03 15:44:00,77,40.0
2023-05-03 15:45:00,72,26.0
2023-05-03 15:50:00,80,41.0
2023-05-03 15:53:00,89,13.0
2023-05-03 15:54:00,83,18.0
2023-05-03 15:55:00,82,96.0
2023-05-03 15:56:00,85,5.0
2023-05-03 15:57:00,87,42.0
2023-05-03 15:58:00,86,25.0
2023-05-03 15:59:00,79,22.0
2023-05-03 16:00:00,76,35.0
2023-05-03 16:01:00,80,51.0
2023-05-03 16:03:00,84,35.0
2023-05-03 16:04:00,91,15.0
2023-05-03 16:05:00,92,35.0
2023-05-03 16:06:00,80,26.0
2023-05-03 16:07:00,79,23.0
2023-05-03 16:08:00,84,20.0
2023-05-03 16:09:00,80,19.0
2023-05-03 16:10:00,90,32.0
2023-05-03 16:12:00,79,31.0
2023-05-03 16:13:00,89,26.0
2023-05-03 16:21:00,90,13.0
2023-05-03 16:22:00,94,57.0
2023-05-03 16:23:00,85,23.0
2023-05-03 16:24:00,92,13.0
2023-05-03 16:30:00,78,31.0
2023-05-03 16:31:00,80,38.0
2023-05-03 16:32:00,79,14.0
2023-05-03 16:33:00,89,26.0
2023-05-03 16:34:00,80,30.0
2023-05-03 16:42:00,81,20.0
2023-05-03 16:45:00,92,18.0
2023-05-03 16:46:00,83,13.0
2023-05-03 16:47:00,85,29.0
2023-05-03 17:22:00,100,35.0
2023-05-03 18:40:00,88,14.0
2023-05-03 18:41:00,98,77.0
2023-05-03 18:42:00,88,28.0
2023-05-03 18:43:00,92,26.0
2023-05-03 18:44:00,76,4.0
2023-05-03 18:52:00,92,17.0
2023-05-03 18:53:00,84,95.0
2023-05-03 18:54:00,75,52.0
2023-05-03 18:55:00,88,5.0
2023-05-03 18:56:00,87,15.0
2023-05-03 18:57:00,83,92.0
2023-05-03 18:58:00,90,43.0
2023-05-03 18:59:00,99,116.0
2023-05-03 19:00:00,103,107.0
2023-05-03 19:02:00,83,15.0
2023-05-03 19:25:00,82,30.0
2023-05-03 19:27:00,81,116.0
2023-05-03 19:29:00,80,14.0
2023-05-03 19:30:00,83,52.0
2023-05-03 19:32:00,91,125.0
2023-05-03 19:33:00,84,127.0
2023-05-03 19:34:00,91,125.0
2023-05-03 19:35:00,84,103.0
2023-05-03 19:38:00,99,40.0
2023-05-03 19:39:00,104,30.0
2023-05-03 19:40:00,97,126.0
2023-05-03 19:42:00,96,127.0
2023-05-03 19:43:00,84,107.0
2023-05-03 19:44:00,82,120.0
2023-05-03 19:45:00,84,20.0
2023-05-03 19:46:00,84,43.0
2023-05-03 19:50:00,80,12.0
2023-05-03 19:51:00,81,12.0
2023-05-03 20:01:00,76,44.0
2023-05-03 20:02:00,83,55.0
2023-05-03 20:05:00,86,53.0
2023-05-03 20:07:00,82,44.0
2023-05-03 22:44:00,63,26.0
2023-05-03 23:04:00,91,23.0
2023-05-03 23:07:00,81,12.0
2023-05-03 23:23:00,79,19.0
2023-05-04 01:08:00,80,15.0
2023-05-04 07:09:00,81,38.0
2023-05-04 07:10:00,84,25.0
2023-05-04 07:11:00,88,124.0
2023-05-04 07:12:00,92,127.0
2023-05-04 07:19:00,107,87.0
2023-05-04 07:23:00,81,10.0
2023-05-04 07:24:00,85,1.0
2023-05-04 07:54:00,99,122.0
2023-05-04 07:56:00,102,109.0
2023-05-04 07:57:00,119,115.0
2023-05-04 07:58:00,99,14.0
2023-05-04 07:59:00,103,30.0
2023-05-04 08:00:00,87,37.0
2023-05-04 08:01:00,93,8.0
2023-05-04 14:54:00,87,61.0
2023-05-04 14:55:00,108,69.0
2023-05-04 14:56:00,77,23.0
2023-05-04 14:58:00,77,12.0
2023-05-04 14:59:00,67,44.0
2023-05-04 15:00:00,74,14.0
2023-05-04 15:03:00,98,44.0
2023-05-04 15:10:00,80,56.0
2023-05-04 15:11:00,91,110.0
2023-05-04 15:12:00,54,20.0
2023-05-04 15:16:00,87,18.0
2023-05-04 17:50:00,81,57.0
2023-05-04 17:51:00,80,33.0
2023-05-04 17:52:00,84,70.0
2023-05-04 17:53:00,91,21.0
2023-05-04 17:55:00,92,48.0
2023-05-04 17:56:00,102,45.0
2023-05-04 17:57:00,82,42.0
2023-05-04 17:58:00,81,12.0
2023-05-04 18:31:00,108,46.0
2023-05-04 18:39:00,80,29.0
2023-05-04 18:43:00,81,16.0
2023-05-04 18:48:00,83,44.0
2023-05-04 18:49:00,91,109.0
2023-05-04 18:50:00,84,44.0
2023-05-04 18:51:00,85,48.0
2023-05-04 18:52:00,92,72.0
2023-05-04 18:53:00,93,42.0
2023-05-04 18:54:00,94,15.0
2023-05-04 18:57:00,75,33.0
2023-05-04 18:58:00,79,93.0
2023-05-04 19:00:00,97,126.0
2023-05-04 19:01:00,95,74.0
2023-05-04 19:29:00,82,62.0
2023-05-04 19:30:00,86,121.0
2023-05-04 19:31:00,82,127.0
2023-05-04 19:32:00,92,117.0
2023-05-04 19:33:00,84,104.0
2023-05-04 19:34:00,82,121.0
2023-05-04 19:35:00,84,121.0
2023-05-04 19:36:00,91,123.0
2023-05-04 19:37:00,84,124.0
2023-05-04 19:38:00,92,126.0
2023-05-04 19:39:00,93,122.0
2023-05-04 19:40:00,95,20.0
2023-05-04 19:42:00,83,15.0
2023-05-04 19:43:00,91,34.0
2023-05-04 19:44:00,84,53.0
2023-05-04 19:45:00,94,51.0
2023-05-04 19:46:00,94,99.0
2023-05-04 19:47:00,84,74.0
2023-05-04 19:48:00,91,62.0
2023-05-04 19:49:00,84,35.0
2023-05-04 20:03:00,69,25.0
2023-05-04 21:06:00,62,16.0
2023-05-05 07:10:00,81,33.0
2023-05-05 07:11:00,84,112.0
2023-05-05 07:12:00,92,126.0
2023-05-05 07:19:00,104,124.0
2023-05-05 07:20:00,99,1.0
2023-05-05 07:51:00,84,109.0
2023-05-05 07:53:00,90,123.0
2023-05-05 07:54:00,83,113.0
2023-05-05 07:55:00,87,39.0
2023-05-05 07:56:00,82,44.0
2023-05-05 08:02:00,81,11.0
2023-05-05 17:53:00,65,37.0
2023-05-05 17:54:00,77,49.0
2023-05-05 18:04:00,76,35.0
2023-05-05 18:43:00,82,41.0
2023-05-05 18:45:00,77,68.0
2023-05-05 18:46:00,82,64.0
2023-05-05 18:48:00,86,46.0
2023-05-05 18:49:00,84,83.0
2023-05-05 18:50:00,82,73.0
2023-05-05 18:55:00,84,79.0
2023-05-05 18:56:00,77,86.0
2023-05-05 18:57:00,79,111.0
2023-05-05 18:59:00,81,125.0
2023-05-05 19:00:00,91,74.0
2023-05-05 19:15:00,79,10.0
2023-05-05 19:18:00,79,16.0
2023-05-05 19:28:00,86,17.0
2023-05-05 19:29:00,92,99.0
2023-05-05 19:30:00,93,114.0
2023-05-05 19:32:00,96,101.0
2023-05-05 19:34:00,94,122.0
2023-05-05 19:36:00,84,125.0
2023-05-05 19:37:00,82,126.0
2023-05-05 19:38:00,95,127.0
2023-05-05 19:39:00,100,127.0
2023-05-05 19:40:00,96,127.0
2023-05-05 19:41:00,85,81.0
2023-05-05 19:43:00,82,19.0
2023-05-05 19:45:00,91,23.0
2023-05-05 19:46:00,87,19.0
2023-05-05 20:51:00,88,15.0
2023-05-05 21:03:00,69,12.0
2023-05-05 21:04:00,73,4.0
2023-05-05 21:14:00,97,23.0
2023-05-05 21:15:00,85,13.0
2023-05-05 21:23:00,81,19.0
2023-05-05 21:29:00,76,23.0
2023-05-05 21:30:00,89,16.0
2023-05-05 21:32:00,88,23.0
2023-05-05 21:33:00,114,43.0
2023-05-05 22:40:00,68,18.0
2023-05-05 22:41:00,77,27.0
2023-05-05 22:55:00,88,41.0
2023-05-06 01:44:00,75,13.0
2023-05-06 06:57:00,75,11.0
2023-05-06 07:08:00,78,37.0
2023-05-06 07:09:00,77,89.0
2023-05-06 07:18:00,94,28.0
2023-05-06 07:19:00,88,12.0
2023-05-06 07:22:00,75,35.0
2023-05-06 07:54:00,74,58.0
2023-05-06 07:57:00,98,109.0
2023-05-06 07:58:00,85,91.0
2023-05-06 07:59:00,86,30.0
2023-05-06 08:03:00,81,40.0
2023-05-06 08:06:00,77,55.0
2023-05-06 08:07:00,88,50.0
2023-05-06 08:12:00,79,14.0
2023-05-06 08:13:00,80,5.0
2023-05-06 08:14:00,76,22.0
2023-05-06 08:15:00,89,33.0
2023-05-06 08:17:00,72,30.0
2023-05-06 08:19:00,65,37.0
2023-05-06 08:21:00,79,29.0
2023-05-06 08:29:00,91,43.0
2023-05-06 12:11:00,77,13.0
2023-05-06 16:23:00,82,13.0
2023-05-06 19:29:00,76,44.0
2023-05-06 19:30:00,89,108.0
2023-05-06 19:31:00,104,113.0
2023-05-06 19:32:00,110,112.0
2023-05-06 19:33:00,99,110.0
2023-05-06 19:34:00,118,117.0
2023-05-06 19:35:00,91,78.0
2023-05-06 19:36:00,94,99.0
2023-05-06 19:37:00,104,69.0
2023-05-06 19:39:00,83,88.0
2023-05-06 19:40:00,102,65.0
2023-05-06 19:41:00,90,72.0
2023-05-06 19:42:00,93,38.0
2023-05-06 19:43:00,94,111.0
2023-05-06 19:44:00,85,42.0
2023-05-06 19:45:00,91,51.0
2023-05-06 19:46:00,83,12.0
2023-05-06 19:52:00,91,17.0
2023-05-06 19:53:00,103,23.0
2023-05-06 19:55:00,96,16.0
2023-05-06 19:59:00,81,14.0
2023-05-06 20:00:00,82,12.0
2023-05-06 20:11:00,89,54.0
2023-05-06 20:12:00,110,60.0
2023-05-06 20:13:00,98,51.0
2023-05-06 20:16:00,82,56.0
2023-05-06 20:21:00,81,13.0
2023-05-06 20:25:00,82,12.0
2023-05-06 20:27:00,83,23.0
2023-05-06 20:31:00,91,16.0
2023-05-06 20:34:00,90,47.0
2023-05-06 20:35:00,93,107.0
2023-05-06 20:36:00,111,62.0
2023-05-06 20:37:00,92,60.0
2023-05-06 20:38:00,84,27.0
2023-05-06 20:40:00,62,60.0
2023-05-06 20:43:00,81,62.0
2023-05-06 20:44:00,81,25.0
2023-05-06 20:45:00,91,49.0
2023-05-06 20:46:00,93,49.0
2023-05-06 20:47:00,97,122.0
2023-05-06 20:48:00,96,63.0
2023-05-06 20:49:00,85,123.0
2023-05-06 20:50:00,109,104.0
2023-05-06 20:51:00,121,123.0
2023-05-06 20:52:00,100,43.0
2023-05-06 20:53:00,96,90.0
2023-05-06 20:54:00,95,12.0
2023-05-06 21:11:00,76,20.0
2023-05-06 21:12:00,77,85.0
2023-05-06 21:13:00,84,121.0
2023-05-06 21:14:00,82,60.0
2023-05-06 21:16:00,81,127.0
2023-05-06 21:19:00,81,62.0
2023-05-06 21:20:00,80,127.0
2023-05-06 21:21:00,81,127.0
2023-05-06 21:23:00,82,127.0
2023-05-06 21:26:00,81,125.0
2023-05-06 21:27:00,91,75.0
2023-05-06 21:28:00,93,76.0
2023-05-06 21:29:00,84,64.0
2023-05-06 21:30:00,82,45.0
2023-05-06 21:31:00,81,111.0
2023-05-06 21:32:00,78,54.0
2023-05-06 22:25:00,97,16.0
2023-05-06 22:59:00,153,56.0
2023-05-06 23:58:00,81,18.0
2023-05-07 01:00:00,84,10.0
2023-05-07 01:01:00,96,31.0
2023-05-07 01:02:00,105,58.0
2023-05-07 01:04:00,92,44.0
2023-05-07 01:37:00,82,63.0
2023-05-07 01:54:00,85,54.0
2023-05-07 01:55:00,83,16.0
2023-05-07 01:56:00,85,12.0
2023-05-07 01:57:00,92,22.0
2023-05-07 01:58:00,93,46.0
2023-05-07 02:00:00,93,20.0
2023-05-07 02:20:00,84,10.0
2023-05-07 02:21:00,92,44.0
2023-05-07 02:22:00,102,59.0
2023-05-07 08:02:00,54,11.0
2023-05-07 09:29:00,81,84.0
2023-05-07 09:30:00,85,44.0
2023-05-07 09:32:00,81,14.0
2023-05-07 09:33:00,81,20.0
2023-05-07 09:35:00,60,47.0
2023-05-07 09:36:00,75,44.0
2023-05-07 10:44:00,82,18.0
2023-05-07 10:45:00,84,52.0
2023-05-07 10:46:00,85,43.0
2023-05-07 10:47:00,78,32.0
2023-05-07 11:41:00,140,126.0
2023-05-07 11:44:00,98,49.0
2023-05-07 13:14:00,63,25.0
2023-05-07 14:14:00,77,25.0
2023-05-07 14:15:00,89,14.0
2023-05-07 14:18:00,79,27.0
2023-05-07 15:50:00,83,24.0
2023-05-07 16:12:00,84,72.0
2023-05-07 17:54:00,86,15.0
2023-05-07 17:55:00,82,101.0
2023-05-07 17:59:00,70,27.0
2023-05-07 18:00:00,94,70.0
2023-05-07 18:01:00,87,36.0
2023-05-07 18:08:00,80,38.0
2023-05-07 18:19:00,86,15.0
2023-05-07 18:20:00,82,13.0
2023-05-07 18:22:00,84,29.0
2023-05-07 18:23:00,78,58.0
2023-05-07 18:25:00,81,126.0
2023-05-07 18:26:00,91,125.0
2023-05-07 18:27:00,95,64.0
2023-05-07 18:32:00,93,53.0
2023-05-07 18:58:00,90,11.0
2023-05-07 19:00:00,108,117.0
2023-05-07 19:02:00,117,125.0
2023-05-07 19:03:00,100,17.0
2023-05-07 19:08:00,74,65.0
2023-05-07 19:12:00,74,18.0
2023-05-07 19:13:00,95,125.0
2023-05-07 19:14:00,80,126.0
2023-05-07 19:21:00,100,39.0
2023-05-07 19:22:00,98,107.0
2023-05-07 19:23:00,95,31.0
2023-05-07 19:24:00,85,27.0
2023-05-07 19:25:00,92,42.0
2023-05-07 19:26:00,99,34.0
2023-05-07 19:27:00,90,42.0
2023-05-07 19:55:00,84,10.0
2023-05-07 19:56:00,81,27.0
2023-05-07 19:57:00,77,19.0
2023-05-07 20:38:00,96,19.0
2023-05-07 20:39:00,103,26.0
2023-05-07 21:56:00,81,22.0
2023-05-07 22:09:00,85,17.0
2023-05-08 03:11:00,85,13.0
2023-05-08 03:12:00,80,14.0
2023-05-08 03:14:00,79,15.0
2023-05-08 08:51:00,57,53.0
2023-05-08 14:36:00,54,16.0
2023-05-08 17:36:00,66,10.0
2023-05-08 17:45:00,75,13.0
2023-05-08 17:47:00,66,23.0
2023-05-08 18:21:00,119,24.0
2023-05-08 18:32:00,87,31.0
2023-05-08 18:33:00,91,28.0
2023-05-08 18:39:00,105,57.0
2023-05-08 18:40:00,87,65.0
2023-05-08 18:44:00,86,90.0
2023-05-08 18:47:00,98,103.0
2023-05-08 18:48:00,84,59.0
2023-05-08 18:51:00,84,42.0
2023-05-08 18:56:00,83,30.0
2023-05-08 18:57:00,100,32.0
2023-05-08 19:01:00,90,4.0
2023-05-08 19:26:00,75,60.0
2023-05-08 19:27:00,95,125.0
2023-05-08 19:29:00,98,121.0
2023-05-08 19:37:00,107,106.0
2023-05-08 19:38:00,97,109.0
2023-05-08 19:40:00,94,18.0
2023-05-08 19:41:00,82,45.0
2023-05-09 07:00:00,71,7.0
2023-05-09 07:04:00,85,20.0
2023-05-09 07:07:00,89,39.0
2023-05-09 07:08:00,82,112.0
2023-05-09 07:16:00,105,82.0
2023-05-09 07:19:00,88,20.0
2023-05-09 07:21:00,99,17.0
2023-05-09 07:52:00,70,32.0
2023-05-09 07:55:00,97,117.0
2023-05-09 07:56:00,91,59.0
2023-05-09 07:57:00,79,4.0
2023-05-09 07:59:00,87,31.0
2023-05-09 08:45:00,74,29.0
2023-05-09 11:27:00,76,13.0
2023-05-09 14:31:00,75,11.0
2023-05-09 15:50:00,63,43.0
2023-05-09 17:59:00,78,66.0
2023-05-09 18:00:00,78,65.0
2023-05-09 18:37:00,140,95.0
2023-05-09 18:38:00,122,17.0
2023-05-09 18:41:00,72,16.0
2023-05-09 18:42:00,85,27.0
2023-05-09 18:43:00,103,93.0
2023-05-09 18:44:00,87,42.0
2023-05-09 18:51:00,84,61.0
2023-05-09 18:52:00,99,9.0
2023-05-09 18:56:00,90,30.0
2023-05-09 18:57:00,95,127.0
2023-05-09 18:58:00,85,127.0
2023-05-09 18:59:00,80,125.0
2023-05-09 19:00:00,81,39.0
2023-05-09 19:06:00,83,12.0
2023-05-09 19:33:00,85,102.0
2023-05-09 19:34:00,92,116.0
2023-05-09 19:35:00,84,102.0
2023-05-09 19:36:00,96,99.0
2023-05-09 19:37:00,89,97.0
2023-05-09 19:38:00,83,97.0
2023-05-09 19:39:00,91,102.0
2023-05-09 19:40:00,84,97.0
2023-05-09 19:41:00,80,105.0
2023-05-09 19:42:00,85,108.0
2023-05-09 19:43:00,82,112.0
2023-05-09 20:01:00,79,18.0
2023-05-09 20:03:00,85,39.0
2023-05-09 21:51:00,69,33.0
2023-05-09 22:13:00,78,23.0
2023-05-09 22:14:00,90,19.0
2023-05-10 02:29:00,51,12.0
2023-05-10 07:11:00,79,78.0
2023-05-10 07:12:00,92,102.0
2023-05-10 07:13:00,94,107.0
2023-05-10 07:14:00,95,106.0
2023-05-10 07:15:00,104,100.0
2023-05-10 07:17:00,120,125.0
2023-05-10 07:20:00,94,95.0
2023-05-10 07:49:00,74,52.0
2023-05-10 07:59:00,80,111.0
2023-05-10 08:01:00,96,6.0
2023-05-10 08:04:00,85,74.0
2023-05-10 08:12:00,98,127.0
2023-05-10 08:13:00,85,123.0
2023-05-10 08:14:00,78,104.0
2023-05-10 08:15:00,90,64.0
2023-05-10 09:20:00,90,14.0
2023-05-10 09:21:00,83,17.0
2023-05-10 09:30:00,65,23.0
2023-05-10 09:31:00,81,87.0
2023-05-10 09:32:00,81,18.0
2023-05-10 09:33:00,77,11.0
2023-05-10 09:34:00,89,17.0
2023-05-10 09:36:00,91,29.0
2023-05-10 09:37:00,92,88.0
2023-05-10 09:38:00,87,31.0
2023-05-10 09:39:00,78,61.0
2023-05-10 09:40:00,82,49.0
2023-05-10 09:41:00,99,31.0
2023-05-10 10:27:00,80,20.0
2023-05-10 11:03:00,78,75.0
2023-05-10 11:04:00,68,75.0
2023-05-10 11:05:00,87,16.0
2023-05-10 11:25:00,80,60.0
2023-05-10 11:26:00,99,50.0
2023-05-10 11:30:00,97,85.0
2023-05-10 11:32:00,88,57.0
2023-05-10 11:33:00,86,29.0
2023-05-10 11:36:00,81,91.0
2023-05-10 11:37:00,85,45.0
2023-05-10 11:41:00,87,83.0
2023-05-10 11:45:00,81,17.0
2023-05-10 11:46:00,77,18.0
2023-05-10 11:47:00,100,94.0
2023-05-10 11:48:00,90,40.0
2023-05-10 11:52:00,83,53.0
2023-05-10 11:53:00,90,64.0
2023-05-10 11:54:00,81,44.0
2023-05-10 14:54:00,54,20.0
2023-05-10 15:46:00,75,12.0
2023-05-10 17:46:00,101,32.0
2023-05-10 17:47:00,86,79.0
2023-05-10 17:48:00,75,2.0
2023-05-10 18:25:00,76,11.0
2023-05-10 18:28:00,89,43.0
2023-05-10 18:37:00,111,11.0
2023-05-10 18:38:00,85,82.0
2023-05-10 18:39:00,91,32.0
2023-05-10 19:00:00,100,120.0
2023-05-10 19:01:00,112,121.0
2023-05-10 19:02:00,99,56.0
2023-05-10 19:26:00,83,36.0
2023-05-10 19:27:00,91,127.0
2023-05-10 19:28:00,93,127.0
2023-05-10 19:29:00,94,110.0
2023-05-10 19:30:00,93,119.0
2023-05-10 19:32:00,88,114.0
2023-05-10 19:34:00,122,126.0
2023-05-10 19:38:00,86,124.0
2023-05-10 19:39:00,83,43.0
2023-05-10 19:40:00,81,14.0
2023-05-10 19:42:00,91,41.0
2023-05-10 19:43:00,84,40.0
2023-05-10 19:44:00,102,12.0
2023-05-10 19:45:00,90,17.0
2023-05-10 19:47:00,79,98.0
2023-05-10 19:48:00,90,72.0
2023-05-10 19:50:00,78,82.0
2023-05-10 19:51:00,99,68.0
2023-05-10 19:53:00,79,27.0
2023-05-10 19:57:00,81,29.0
2023-05-10 20:13:00,73,10.0
2023-05-11 03:30:00,59,10.0
2023-05-11 07:08:00,42,46.0
2023-05-11 07:17:00,95,84.0
2023-05-11 07:20:00,97,10.0
2023-05-11 07:21:00,90,6.0
2023-05-11 07:23:00,95,20.0
2023-05-11 07:47:00,80,12.0
2023-05-11 07:51:00,73,16.0
2023-05-11 07:52:00,88,37.0
2023-05-11 07:55:00,114,86.0
2023-05-11 08:01:00,93,25.0
2023-05-11 08:02:00,84,51.0
2023-05-11 08:03:00,82,17.0
2023-05-11 08:04:00,81,30.0
2023-05-11 08:05:00,79,17.0
2023-05-11 08:07:00,90,25.0
2023-05-11 08:08:00,93,24.0
2023-05-11 08:09:00,79,17.0
2023-05-11 08:10:00,79,42.0
2023-05-11 08:11:00,90,22.0
2023-05-11 08:52:00,73,44.0
2023-05-11 08:53:00,88,27.0
2023-05-11 08:54:00,76,11.0
2023-05-11 08:55:00,83,42.0
2023-05-11 09:05:00,99,101.0
2023-05-11 09:06:00,113,94.0
2023-05-11 09:07:00,99,16.0
2023-05-11 09:20:00,89,16.0
2023-05-11 09:25:00,92,23.0
2023-05-11 09:26:00,102,32.0
2023-05-11 09:28:00,93,10.0
2023-05-11 09:29:00,84,38.0
2023-05-11 09:31:00,95,76.0
2023-05-11 09:33:00,84,27.0
2023-05-11 09:38:00,76,19.0
2023-05-11 09:42:00,86,76.0
2023-05-11 09:43:00,82,43.0
2023-05-11 09:44:00,81,15.0
2023-05-11 09:45:00,73,1.0
2023-05-11 09:48:00,90,105.0
2023-05-11 09:49:00,83,21.0
2023-05-11 10:30:00,84,123.0
2023-05-11 10:31:00,80,62.0
2023-05-11 10:59:00,79,51.0
2023-05-11 11:00:00,74,59.0
2023-05-11 11:09:00,75,19.0
2023-05-11 11:10:00,84,100.0
2023-05-11 11:11:00,83,60.0
2023-05-11 11:40:00,90,25.0
2023-05-11 11:44:00,80,65.0
2023-05-11 11:45:00,83,38.0
2023-05-11 12:28:00,89,26.0
2023-05-11 12:29:00,102,46.0
2023-05-11 12:30:00,87,78.0
2023-05-11 13:51:00,76,31.0
2023-05-11 14:14:00,65,16.0
2023-05-11 14:32:00,64,11.0
2023-05-11 14:53:00,70,26.0
2023-05-11 14:57:00,94,123.0
2023-05-11 14:58:00,94,126.0
2023-05-11 15:01:00,101,89.0
2023-05-11 15:05:00,92,127.0
2023-05-11 15:08:00,83,121.0
2023-05-11 15:09:00,82,122.0
2023-05-11 15:10:00,64,10.0
2023-05-11 16:25:00,74,25.0
2023-05-11 16:30:00,80,48.0
2023-05-11 16:32:00,83,15.0
2023-05-11 16:33:00,82,12.0
2023-05-11 16:47:00,82,11.0
2023-05-11 16:48:00,91,67.0
2023-05-11 16:49:00,92,11.0
2023-05-11 16:51:00,86,47.0
2023-05-11 17:06:00,80,15.0
2023-05-11 17:28:00,87,13.0
2023-05-11 17:44:00,88,52.0
2023-05-11 17:45:00,81,107.0
2023-05-11 17:46:00,81,44.0
2023-05-11 17:56:00,77,21.0
2023-05-11 18:30:00,156,115.0
2023-05-11 18:31:00,132,14.0
2023-05-11 18:33:00,98,16.0
2023-05-11 18:54:00,84,25.0
2023-05-11 18:56:00,97,71.0
2023-05-11 18:57:00,95,114.0
2023-05-11 18:58:00,105,125.0
2023-05-11 18:59:00,91,125.0
2023-05-11 19:00:00,84,81.0
2023-05-11 19:02:00,80,73.0
2023-05-11 19:03:00,91,10.0
2023-05-11 19:05:00,92,14.0
2023-05-11 19:07:00,81,10.0
2023-05-11 19:30:00,89,91.0
2023-05-11 19:31:00,93,113.0
2023-05-11 19:32:00,94,95.0
2023-05-11 19:33:00,80,66.0
2023-05-11 19:34:00,76,39.0
2023-05-11 19:35:00,89,108.0
2023-05-11 19:36:00,83,27.0
2023-05-11 19:39:00,88,14.0
2023-05-11 19:40:00,84,28.0
2023-05-11 19:42:00,78,21.0
2023-05-11 19:45:00,93,104.0
2023-05-11 19:46:00,107,126.0
2023-05-11 19:47:00,97,122.0
2023-05-11 19:48:00,85,126.0
2023-05-11 19:49:00,78,110.0
2023-05-11 19:50:00,73,117.0
2023-05-11 19:51:00,94,26.0
2023-05-11 19:52:00,84,15.0
2023-05-11 19:53:00,82,3.0
2023-05-11 19:54:00,81,14.0
2023-05-11 19:55:00,81,17.0
2023-05-11 19:57:00,83,18.0
2023-05-11 20:00:00,82,31.0
2023-05-11 20:15:00,86,23.0
2023-05-11 20:19:00,80,21.0
2023-05-11 21:44:00,86,27.0
2023-05-11 21:54:00,69,17.0
2023-05-12 07:10:00,94,112.0
2023-05-12 07:18:00,78,46.0
2023-05-12 07:21:00,96,18.0
2023-05-12 07:23:00,81,13.0
2023-05-12 07:53:00,85,103.0
2023-05-12 07:56:00,96,67.0
2023-05-12 07:57:00,95,67.0
2023-05-12 08:01:00,83,49.0
2023-05-12 08:02:00,82,114.0
2023-05-12 08:03:00,91,38.0
2023-05-12 08:06:00,77,83.0
2023-05-12 08:07:00,90,33.0
2023-05-12 08:10:00,86,59.0
2023-05-12 08:11:00,93,55.0
2023-05-12 18:02:00,89,80.0
2023-05-12 18:36:00,110,59.0
2023-05-12 18:37:00,89,57.0
2023-05-12 18:38:00,82,45.0
2023-05-12 18:40:00,108,44.0
2023-05-12 18:41:00,101,63.0
2023-05-12 18:42:00,104,26.0
2023-05-12 18:45:00,77,62.0
2023-05-12 18:46:00,93,13.0
2023-05-12 18:49:00,111,29.0
2023-05-12 18:57:00,90,71.0
2023-05-12 18:58:00,80,119.0
2023-05-12 18:59:00,81,115.0
2023-05-12 19:00:00,73,114.0
2023-05-12 19:01:00,91,42.0
2023-05-12 19:03:00,75,11.0
2023-05-12 19:04:00,89,9.0
2023-05-12 19:31:00,104,112.0
2023-05-12 19:32:00,119,113.0
2023-05-12 19:33:00,91,118.0
2023-05-12 19:34:00,93,120.0
2023-05-12 19:35:00,94,122.0
2023-05-12 19:37:00,89,126.0
2023-05-12 19:38:00,93,125.0
2023-05-12 19:39:00,84,127.0
2023-05-12 19:40:00,100,88.0
2023-05-12 19:41:00,90,65.0
2023-05-12 19:42:00,93,118.0
2023-05-12 19:43:00,94,14.0
2023-05-12 19:44:00,85,118.0
2023-05-12 19:45:00,94,31.0
2023-05-13 06:10:00,62,13.0
2023-05-13 10:45:00,78,52.0
2023-05-13 10:46:00,100,125.0
2023-05-13 10:47:00,101,110.0
2023-05-13 10:48:00,87,18.0
2023-05-13 10:49:00,83,34.0
2023-05-13 10:50:00,83,118.0
2023-05-13 10:51:00,97,123.0
2023-05-13 10:52:00,95,53.0
2023-05-13 10:53:00,105,18.0
2023-05-13 10:54:00,88,72.0
2023-05-13 10:55:00,84,39.0
2023-05-13 10:56:00,93,26.0
2023-05-13 10:58:00,92,72.0
2023-05-13 10:59:00,85,114.0
2023-05-13 11:00:00,92,118.0
2023-05-13 11:01:00,90,127.0
2023-05-13 11:03:00,91,126.0
2023-05-13 11:06:00,100,127.0
2023-05-13 11:07:00,96,102.0
2023-05-13 11:08:00,84,50.0
2023-05-13 11:11:00,90,21.0
2023-05-13 11:21:00,93,13.0
2023-05-13 11:22:00,94,42.0
2023-05-13 11:23:00,84,74.0
2023-05-13 11:24:00,82,44.0
2023-05-13 11:25:00,83,49.0
2023-05-13 11:26:00,87,48.0
2023-05-13 11:52:00,79,10.0
2023-05-13 11:53:00,80,62.0
2023-05-13 11:54:00,81,73.0
2023-05-13 11:55:00,81,99.0
2023-05-13 11:56:00,95,66.0
2023-05-13 11:57:00,85,99.0
2023-05-13 11:58:00,92,123.0
2023-05-13 11:59:00,89,122.0
2023-05-13 12:00:00,80,124.0
2023-05-13 12:01:00,97,97.0
2023-05-13 12:02:00,81,124.0
2023-05-13 12:03:00,91,89.0
2023-05-13 12:04:00,92,80.0
2023-05-13 12:05:00,93,66.0
2023-05-13 12:06:00,86,88.0
2023-05-13 12:07:00,101,104.0
2023-05-13 12:08:00,101,87.0
2023-05-13 12:09:00,87,62.0
2023-05-13 12:10:00,83,108.0
2023-05-13 12:11:00,88,108.0
2023-05-13 12:12:00,83,78.0
2023-05-13 12:13:00,92,120.0
2023-05-13 12:14:00,88,114.0
2023-05-13 12:15:00,98,117.0
2023-05-13 12:16:00,93,88.0
2023-05-13 12:17:00,94,10.0
2023-05-13 12:18:00,84,102.0
2023-05-13 12:19:00,100,82.0
2023-05-13 12:20:00,89,64.0
2023-05-13 12:21:00,87,114.0
2023-05-13 12:22:00,86,117.0
2023-05-13 12:23:00,92,121.0
2023-05-13 12:24:00,84,120.0
2023-05-13 12:25:00,96,111.0
2023-05-13 12:26:00,84,117.0
2023-05-13 12:27:00,91,106.0
2023-05-13 12:28:00,87,90.0
2023-05-13 12:29:00,86,112.0
2023-05-13 12:30:00,86,116.0
2023-05-13 12:31:00,92,123.0
2023-05-13 12:32:00,93,118.0
2023-05-13 12:33:00,85,122.0
2023-05-13 12:34:00,82,26.0
2023-05-13 12:35:00,85,115.0
2023-05-13 12:36:00,93,20.0
2023-05-13 12:39:00,82,53.0
2023-05-13 12:40:00,81,100.0
2023-05-13 12:48:00,84,11.0
2023-05-13 14:16:00,57,17.0
2023-05-13 14:17:00,91,55.0
2023-05-13 14:18:00,87,35.0
2023-05-13 14:19:00,91,37.0
2023-05-13 14:20:00,80,36.0
2023-05-13 14:22:00,73,41.0
2023-05-13 14:23:00,73,31.0
2023-05-13 14:24:00,86,111.0
2023-05-13 14:25:00,81,121.0
2023-05-13 14:26:00,82,117.0
2023-05-13 14:27:00,91,116.0
2023-05-13 14:28:00,94,119.0
2023-05-13 14:29:00,90,45.0
2023-05-13 14:30:00,88,95.0
2023-05-13 14:31:00,84,104.0
2023-05-13 14:32:00,91,121.0
2023-05-13 14:33:00,94,123.0
2023-05-13 14:34:00,94,120.0
2023-05-13 14:35:00,106,51.0
2023-05-13 14:36:00,96,112.0
2023-05-13 14:37:00,78,113.0
2023-05-13 14:38:00,80,106.0
2023-05-13 14:39:00,81,124.0
2023-05-13 14:40:00,81,122.0
2023-05-13 14:41:00,84,120.0
2023-05-13 14:42:00,82,116.0
2023-05-13 14:43:00,62,40.0
2023-05-13 14:44:00,75,86.0
2023-05-13 14:45:00,89,33.0
2023-05-13 14:46:00,86,112.0
2023-05-13 14:47:00,98,115.0
2023-05-13 14:48:00,85,122.0
2023-05-13 14:49:00,82,123.0
2023-05-13 14:50:00,81,114.0
2023-05-13 14:51:00,92,117.0
2023-05-13 14:52:00,94,94.0
2023-05-13 14:53:00,94,76.0
2023-05-13 14:54:00,94,69.0
2023-05-13 14:55:00,80,98.0
2023-05-13 14:56:00,101,99.0
2023-05-13 14:57:00,96,112.0
2023-05-13 14:58:00,89,106.0
2023-05-13 14:59:00,93,111.0
2023-05-13 15:00:00,94,99.0
2023-05-13 15:01:00,87,82.0
2023-05-13 15:11:00,77,24.0
2023-05-13 15:12:00,81,107.0
2023-05-13 15:13:00,91,123.0
2023-05-13 15:14:00,84,125.0
2023-05-13 15:15:00,82,120.0
2023-05-13 15:16:00,91,123.0
2023-05-13 15:17:00,93,123.0
2023-05-13 15:18:00,84,120.0
2023-05-13 15:19:00,82,123.0
2023-05-13 15:20:00,91,116.0
2023-05-13 15:21:00,95,118.0
2023-05-13 15:22:00,85,125.0
2023-05-13 15:23:00,100,121.0
2023-05-13 15:24:00,96,124.0
2023-05-13 15:25:00,85,95.0
2023-05-13 15:26:00,90,31.0
2023-05-13 15:27:00,89,123.0
2023-05-13 15:28:00,83,123.0
2023-05-13 15:29:00,91,125.0
2023-05-13 15:30:00,94,126.0
2023-05-13 15:31:00,95,120.0
2023-05-13 15:32:00,88,86.0
2023-05-13 15:33:00,92,62.0
2023-05-13 15:35:00,85,19.0
2023-05-13 15:36:00,87,106.0
2023-05-13 15:37:00,83,113.0
2023-05-13 15:38:00,85,124.0
2023-05-13 15:39:00,92,121.0
2023-05-13 15:40:00,93,122.0
2023-05-13 15:41:00,86,115.0
2023-05-13 15:42:00,82,84.0
2023-05-13 15:43:00,85,42.0
2023-05-13 15:44:00,84,18.0
2023-05-13 15:53:00,76,14.0
2023-05-13 15:54:00,89,105.0
2023-05-13 15:55:00,82,25.0
2023-05-13 15:56:00,88,5.0
2023-05-13 15:58:00,76,10.0
2023-05-13 15:59:00,78,15.0
2023-05-13 16:01:00,79,43.0
2023-05-13 16:02:00,90,25.0
2023-05-13 16:03:00,87,103.0
2023-05-13 16:04:00,83,46.0
2023-05-13 16:05:00,77,114.0
2023-05-13 16:06:00,79,110.0
2023-05-13 16:07:00,76,99.0
2023-05-13 16:08:00,90,100.0
2023-05-13 16:09:00,83,90.0
2023-05-13 16:10:00,85,60.0
2023-05-13 16:11:00,85,56.0
2023-05-13 16:12:00,75,57.0
2023-05-13 16:15:00,79,14.0
2023-05-13 16:27:00,55,37.0
2023-05-13 16:28:00,76,26.0
2023-05-13 16:29:00,88,13.0
2023-05-13 16:30:00,83,68.0
2023-05-13 16:31:00,80,122.0
2023-05-13 16:32:00,79,52.0
2023-05-13 16:33:00,84,112.0
2023-05-13 16:34:00,91,117.0
2023-05-13 16:35:00,93,112.0
2023-05-13 16:36:00,101,114.0
2023-05-13 16:37:00,86,90.0
2023-05-13 16:38:00,83,104.0
2023-05-13 16:39:00,108,109.0
2023-05-13 16:40:00,98,48.0
2023-05-13 16:41:00,88,61.0
2023-05-13 16:42:00,84,76.0
2023-05-13 16:43:00,92,86.0
2023-05-13 16:44:00,99,120.0
2023-05-13 16:45:00,101,119.0
2023-05-13 16:46:00,89,119.0
2023-05-13 16:47:00,83,116.0
2023-05-13 16:48:00,97,90.0
2023-05-13 16:49:00,82,85.0
2023-05-13 16:50:00,91,37.0
2023-05-13 16:51:00,83,37.0
2023-05-13 16:52:00,97,111.0
2023-05-13 16:53:00,112,50.0
2023-05-13 16:54:00,92,68.0
2023-05-13 16:55:00,93,61.0
2023-05-13 16:56:00,85,29.0
2023-05-13 17:01:00,85,109.0
2023-05-13 17:03:00,89,21.0
2023-05-13 17:05:00,82,56.0
2023-05-13 17:15:00,77,54.0
2023-05-13 17:16:00,82,81.0
2023-05-13 17:17:00,91,49.0
2023-05-13 17:18:00,82,14.0
2023-05-13 17:19:00,91,15.0
2023-05-13 17:20:00,81,47.0
2023-05-13 17:21:00,77,14.0
2023-05-13 17:22:00,80,46.0
2023-05-13 17:23:00,81,92.0
2023-05-13 17:30:00,78,44.0
2023-05-13 17:31:00,79,46.0
2023-05-13 17:39:00,75,15.0
2023-05-13 17:41:00,93,20.0
2023-05-13 17:43:00,95,19.0
2023-05-13 17:46:00,85,26.0
2023-05-13 17:48:00,79,29.0
2023-05-13 17:49:00,82,76.0
2023-05-13 17:51:00,82,23.0
2023-05-13 17:54:00,102,53.0
2023-05-13 17:56:00,93,25.0
2023-05-13 17:57:00,85,61.0
2023-05-13 18:04:00,90,50.0
2023-05-13 18:05:00,83,26.0
2023-05-13 18:08:00,79,13.0
2023-05-13 18:09:00,84,110.0
2023-05-13 18:43:00,141,111.0
2023-05-13 18:47:00,93,35.0
2023-05-13 18:48:00,84,71.0
2023-05-13 18:49:00,92,2.0
2023-05-13 18:50:00,84,11.0
2023-05-13 18:51:00,82,44.0
2023-05-13 19:27:00,102,64.0
2023-05-13 19:28:00,96,26.0
2023-05-13 19:31:00,90,21.0
2023-05-13 19:32:00,93,18.0
2023-05-13 19:35:00,81,11.0
2023-05-13 19:37:00,82,13.0
2023-05-13 19:38:00,85,14.0
2023-05-13 19:46:00,86,79.0
2023-05-13 19:47:00,75,14.0
2023-05-13 19:49:00,91,28.0
2023-05-13 19:50:00,86,40.0
2023-05-13 19:51:00,81,36.0
2023-05-13 19:52:00,89,90.0
2023-05-13 19:53:00,93,36.0
2023-05-13 19:54:00,93,125.0
2023-05-13 19:55:00,83,123.0
2023-05-13 19:56:00,102,127.0
2023-05-13 19:57:00,105,121.0
2023-05-13 19:58:00,98,127.0
2023-05-13 19:59:00,108,125.0
2023-05-13 20:00:00,98,115.0
2023-05-13 20:01:00,94,111.0
2023-05-13 20:02:00,94,125.0
2023-05-13 20:03:00,84,125.0
2023-05-13 20:04:00,103,122.0
2023-05-13 20:05:00,96,121.0
2023-05-13 20:06:00,112,53.0
2023-05-13 20:07:00,99,117.0
2023-05-13 20:08:00,85,86.0
2023-05-13 20:09:00,97,117.0
2023-05-13 20:10:00,109,127.0
2023-05-13 20:11:00,109,121.0
2023-05-13 20:12:00,132,44.0
2023-05-13 20:33:00,77,34.0
2023-05-13 20:34:00,93,126.0
2023-05-13 20:35:00,94,125.0
2023-05-13 20:37:00,108,126.0
2023-05-13 20:38:00,98,126.0
2023-05-13 20:39:00,93,126.0
2023-05-13 20:40:00,111,126.0
2023-05-13 20:45:00,107,115.0
2023-05-13 20:46:00,83,12.0
2023-05-13 20:47:00,81,69.0
2023-05-13 20:48:00,80,32.0
2023-05-13 20:49:00,95,43.0
2023-05-13 20:50:00,103,27.0
2023-05-13 20:51:00,96,38.0
2023-05-13 20:52:00,83,1.0
2023-05-13 21:11:00,84,43.0
2023-05-13 21:17:00,76,10.0
2023-05-13 21:26:00,69,11.0
2023-05-14 10:30:00,51,15.0
2023-05-14 11:46:00,83,43.0
2023-05-14 11:47:00,81,14.0
2023-05-14 11:48:00,84,10.0
2023-05-14 11:50:00,97,106.0
2023-05-14 11:51:00,96,65.0
2023-05-14 11:52:00,94,123.0
2023-05-14 11:53:00,85,124.0
2023-05-14 11:54:00,107,123.0
2023-05-14 11:58:00,91,121.0
2023-05-14 12:04:00,100,113.0
2023-05-14 12:05:00,113,114.0
2023-05-14 12:06:00,117,112.0
2023-05-14 12:07:00,123,126.0
2023-05-14 12:08:00,102,126.0
2023-05-14 12:10:00,93,100.0
2023-05-14 12:11:00,108,117.0
2023-05-14 12:12:00,114,126.0
2023-05-14 12:15:00,115,74.0
2023-05-14 12:21:00,109,100.0
2023-05-14 12:25:00,120,124.0
2023-05-14 12:26:00,121,125.0
2023-05-14 12:28:00,120,127.0
2023-05-14 12:31:00,119,125.0
2023-05-14 12:32:00,122,125.0
2023-05-14 12:34:00,111,97.0
2023-05-14 12:35:00,102,90.0
2023-05-14 12:37:00,109,66.0
2023-05-14 12:38:00,108,34.0
2023-05-14 12:39:00,112,99.0
2023-05-14 12:40:00,116,103.0
2023-05-14 12:41:00,116,111.0
2023-05-14 12:42:00,110,111.0
2023-05-14 12:43:00,111,120.0
2023-05-14 12:44:00,113,127.0
2023-05-14 12:45:00,118,124.0
2023-05-14 12:46:00,120,123.0
2023-05-14 12:47:00,119,123.0
2023-05-14 12:48:00,119,120.0
2023-05-14 12:49:00,120,121.0
2023-05-14 12:50:00,117,122.0
2023-05-14 12:52:00,116,127.0
2023-05-14 12:58:00,111,103.0
2023-05-14 12:59:00,101,86.0
2023-05-14 13:03:00,122,126.0
2023-05-14 13:07:00,116,127.0
2023-05-14 13:08:00,121,125.0
2023-05-14 13:09:00,111,109.0
2023-05-14 13:10:00,104,48.0
2023-05-14 13:11:00,105,88.0
2023-05-14 13:12:00,91,43.0
2023-05-14 13:13:00,93,14.0
2023-05-14 13:14:00,81,36.0
2023-05-14 13:16:00,81,57.0
2023-05-14 13:19:00,80,40.0
2023-05-14 13:20:00,81,28.0
2023-05-14 13:21:00,81,56.0
2023-05-14 13:22:00,74,15.0
2023-05-14 13:23:00,79,83.0
2023-05-14 13:24:00,78,30.0
2023-05-14 13:29:00,83,52.0
2023-05-14 13:30:00,79,63.0
2023-05-14 13:31:00,84,10.0
2023-05-14 13:32:00,100,62.0
2023-05-14 13:38:00,89,19.0
2023-05-14 13:39:00,77,18.0
2023-05-14 14:44:00,76,56.0
2023-05-14 14:45:00,80,60.0
2023-05-14 15:31:00,70,29.0
2023-05-14 15:32:00,78,59.0
2023-05-14 15:33:00,80,27.0
2023-05-14 15:34:00,73,64.0
2023-05-14 15:35:00,82,22.0
2023-05-14 16:02:00,84,14.0
2023-05-14 16:10:00,92,21.0
2023-05-14 16:18:00,99,50.0
2023-05-14 17:16:00,104,65.0
2023-05-14 17:18:00,97,30.0
2023-05-14 18:57:00,81,53.0
2023-05-14 18:58:00,85,124.0
2023-05-14 18:59:00,92,123.0
2023-05-14 19:00:00,84,120.0
2023-05-14 19:01:00,76,25.0
2023-05-14 19:26:00,75,57.0
2023-05-14 19:27:00,95,123.0
2023-05-14 19:28:00,112,126.0
2023-05-14 19:29:00,99,122.0
2023-05-14 19:30:00,95,125.0
2023-05-14 19:31:00,97,127.0
2023-05-14 19:32:00,101,126.0
2023-05-14 19:33:00,86,116.0
2023-05-14 19:34:00,85,69.0
2023-05-14 19:35:00,90,116.0
2023-05-14 19:36:00,89,116.0
2023-05-14 19:37:00,83,115.0
2023-05-14 19:38:00,82,55.0
2023-05-14 19:44:00,90,99.0
2023-05-14 19:45:00,102,119.0
2023-05-14 19:46:00,89,37.0
2023-05-14 19:47:00,81,23.0
2023-05-14 19:48:00,81,3.0
2023-05-14 19:49:00,75,27.0
2023-05-14 19:51:00,97,121.0
2023-05-14 19:53:00,101,35.0
2023-05-14 19:56:00,86,38.0
2023-05-14 19:57:00,81,49.0
2023-05-14 19:58:00,76,92.0
2023-05-14 19:59:00,85,105.0
2023-05-14 20:00:00,75,46.0
2023-05-14 20:01:00,73,45.0
2023-05-14 20:02:00,71,3.0
2023-05-14 20:06:00,79,19.0
2023-05-14 20:07:00,76,49.0
2023-05-14 20:40:00,75,30.0
2023-05-15 07:04:00,79,27.0
2023-05-15 07:05:00,80,16.0
2023-05-15 07:06:00,80,61.0
2023-05-15 07:07:00,90,114.0
2023-05-15 07:08:00,83,120.0
2023-05-15 07:15:00,98,118.0
2023-05-15 07:17:00,80,63.0
2023-05-15 07:52:00,78,23.0
2023-05-15 07:54:00,94,125.0
2023-05-15 07:55:00,94,108.0
2023-05-15 07:56:00,87,13.0
2023-05-15 07:57:00,80,52.0
2023-05-15 07:59:00,86,38.0
2023-05-15 10:45:00,76,88.0
2023-05-15 10:46:00,84,14.0
2023-05-15 11:17:00,78,15.0
2023-05-15 11:18:00,78,100.0
2023-05-15 11:19:00,84,71.0
2023-05-15 11:20:00,88,22.0
2023-05-15 11:23:00,74,20.0
2023-05-15 11:32:00,91,42.0
2023-05-15 11:34:00,92,93.0
2023-05-15 11:36:00,87,100.0
2023-05-15 11:37:00,92,69.0
2023-05-15 11:38:00,102,127.0
2023-05-15 11:39:00,96,125.0
2023-05-15 11:40:00,84,118.0
2023-05-15 11:41:00,104,116.0
2023-05-15 11:42:00,85,122.0
2023-05-15 11:43:00,89,117.0
2023-05-15 11:44:00,87,124.0
2023-05-15 11:45:00,83,122.0
2023-05-15 11:46:00,101,120.0
2023-05-15 11:47:00,96,126.0
2023-05-15 11:48:00,86,32.0
2023-05-15 11:50:00,91,46.0
2023-05-15 11:51:00,93,119.0
2023-05-15 11:52:00,103,110.0
2023-05-15 11:53:00,105,105.0
2023-05-15 11:54:00,97,109.0
2023-05-15 11:55:00,86,106.0
2023-05-15 11:56:00,95,113.0
2023-05-15 11:57:00,102,104.0
2023-05-15 11:58:00,85,99.0
2023-05-15 11:59:00,91,102.0
2023-05-15 12:00:00,81,87.0
2023-05-15 12:02:00,94,88.0
2023-05-15 12:03:00,87,70.0
2023-05-15 13:49:00,84,27.0
2023-05-15 13:50:00,77,23.0
2023-05-15 13:51:00,82,61.0
2023-05-15 13:52:00,81,48.0
2023-05-15 13:53:00,81,10.0
2023-05-15 13:59:00,82,38.0
2023-05-15 14:00:00,83,14.0
2023-05-15 16:29:00,89,14.0
2023-05-15 16:30:00,86,19.0
2023-05-15 16:31:00,90,55.0
2023-05-15 16:35:00,79,15.0
2023-05-15 17:42:00,80,77.0
2023-05-15 17:43:00,81,50.0
2023-05-15 17:44:00,80,55.0
2023-05-15 17:45:00,80,42.0
2023-05-15 17:52:00,78,27.0
2023-05-15 17:53:00,101,40.0
2023-05-15 17:54:00,67,17.0
2023-05-15 18:30:00,147,58.0
2023-05-15 18:31:00,112,16.0
2023-05-15 18:32:00,99,11.0
2023-05-15 18:58:00,96,113.0
2023-05-15 19:00:00,94,90.0
2023-05-15 19:03:00,80,37.0
2023-05-15 19:18:00,74,10.0
2023-05-15 19:29:00,79,124.0
2023-05-15 19:30:00,81,113.0
2023-05-15 19:31:00,98,122.0
2023-05-15 19:32:00,89,118.0
2023-05-15 19:33:00,84,126.0
2023-05-15 19:34:00,91,124.0
2023-05-15 19:35:00,93,125.0
2023-05-15 19:36:00,95,123.0
2023-05-15 19:37:00,94,126.0
2023-05-15 19:38:00,86,126.0
2023-05-15 19:39:00,91,125.0
2023-05-15 19:40:00,84,125.0
2023-05-15 19:41:00,91,112.0
2023-05-15 19:42:00,84,41.0
2023-05-15 19:43:00,82,63.0
2023-05-15 19:44:00,80,27.0
2023-05-15 19:45:00,81,23.0
2023-05-15 19:50:00,78,14.0
2023-05-15 19:51:00,87,35.0
2023-05-15 19:52:00,83,21.0
2023-05-16 07:10:00,92,111.0
2023-05-16 07:11:00,98,122.0
2023-05-16 07:19:00,101,77.0
2023-05-16 07:21:00,97,10.0
2023-05-16 07:22:00,101,1.0
2023-05-16 08:02:00,90,16.0
2023-05-16 08:04:00,84,57.0
2023-05-16 08:06:00,95,125.0
2023-05-16 08:07:00,94,115.0
2023-05-16 08:08:00,103,97.0
2023-05-16 08:09:00,96,34.0
2023-05-16 08:10:00,86,26.0
2023-05-16 08:11:00,78,84.0
2023-05-16 08:12:00,79,53.0
2023-05-16 08:35:00,74,10.0
2023-05-16 08:36:00,73,9.0
2023-05-16 08:41:00,72,44.0
2023-05-16 08:42:00,79,46.0
2023-05-16 08:43:00,106,54.0
2023-05-16 09:21:00,78,73.0
2023-05-16 09:22:00,77,55.0
2023-05-16 09:23:00,84,28.0
2023-05-16 17:57:00,85,42.0
2023-05-16 17:58:00,90,15.0
2023-05-16 18:00:00,91,74.0
2023-05-16 18:34:00,142,39.0
2023-05-16 18:36:00,103,91.0
2023-05-16 18:37:00,87,55.0
2023-05-16 18:48:00,101,10.0
2023-05-16 18:49:00,83,78.0
2023-05-16 18:50:00,113,54.0
2023-05-16 18:51:00,90,40.0
2023-05-16 18:52:00,93,35.0
2023-05-16 18:53:00,80,6.0
2023-05-16 18:55:00,85,74.0
2023-05-16 18:56:00,99,114.0
2023-05-16 18:57:00,85,55.0
2023-05-16 18:58:00,92,114.0
2023-05-16 18:59:00,92,119.0
2023-05-16 19:00:00,82,119.0
2023-05-16 19:01:00,81,27.0
2023-05-16 19:02:00,90,36.0
2023-05-16 19:25:00,80,46.0
2023-05-16 19:26:00,90,124.0
2023-05-16 19:27:00,93,120.0
2023-05-16 19:29:00,95,122.0
2023-05-16 19:30:00,85,126.0
2023-05-16 19:32:00,81,123.0
2023-05-16 19:33:00,81,124.0
2023-05-16 19:34:00,83,127.0
2023-05-16 19:35:00,91,127.0
2023-05-16 19:36:00,93,61.0
2023-05-16 19:37:00,94,81.0
2023-05-16 19:39:00,90,116.0
2023-05-16 19:40:00,93,16.0
2023-05-16 19:41:00,77,10.0
2023-05-16 19:43:00,83,16.0
2023-05-16 19:53:00,90,15.0
2023-05-17 02:40:00,64,14.0
2023-05-17 07:10:00,95,75.0
2023-05-17 07:11:00,105,110.0
2023-05-17 07:12:00,102,124.0
2023-05-17 07:13:00,108,124.0
2023-05-17 07:16:00,94,127.0
2023-05-17 07:19:00,115,23.0
2023-05-17 07:20:00,110,19.0
2023-05-17 07:22:00,99,16.0
2023-05-17 07:50:00,84,11.0
2023-05-17 07:52:00,84,33.0
2023-05-17 07:53:00,82,77.0
2023-05-17 07:54:00,92,108.0
2023-05-17 07:56:00,91,86.0
2023-05-17 07:57:00,93,67.0
2023-05-17 07:58:00,94,44.0
2023-05-17 11:23:00,88,24.0
2023-05-17 11:24:00,91,32.0
2023-05-17 11:25:00,84,53.0
2023-05-17 11:26:00,85,80.0
2023-05-17 11:27:00,109,124.0
2023-05-17 11:28:00,103,125.0
2023-05-17 11:29:00,97,123.0
2023-05-17 11:30:00,72,126.0
2023-05-17 11:31:00,88,124.0
2023-05-17 11:32:00,98,124.0
2023-05-17 11:33:00,73,122.0
2023-05-17 11:34:00,80,121.0
2023-05-17 11:35:00,96,125.0
2023-05-17 11:36:00,94,123.0
2023-05-17 11:38:00,95,121.0
2023-05-17 11:39:00,96,17.0
2023-05-17 11:40:00,85,15.0
2023-05-17 11:41:00,82,113.0
2023-05-17 11:42:00,66,110.0
2023-05-17 11:43:00,92,111.0
2023-05-17 11:44:00,74,114.0
2023-05-17 11:45:00,89,49.0
2023-05-17 11:46:00,91,104.0
2023-05-17 11:47:00,93,126.0
2023-05-17 11:48:00,94,127.0
2023-05-17 11:49:00,98,126.0
2023-05-17 11:50:00,106,126.0
2023-05-17 11:51:00,97,127.0
2023-05-17 11:52:00,95,127.0
2023-05-17 11:53:00,105,127.0
2023-05-17 11:54:00,100,127.0
2023-05-17 11:55:00,96,78.0
2023-05-17 11:56:00,85,78.0
2023-05-17 11:58:00,77,26.0
2023-05-17 11:59:00,86,39.0
2023-05-17 12:35:00,100,60.0
2023-05-17 12:37:00,81,24.0
2023-05-17 12:38:00,96,34.0
2023-05-17 12:42:00,81,77.0
2023-05-17 12:43:00,76,60.0
2023-05-17 12:44:00,91,80.0
2023-05-17 12:45:00,92,20.0
2023-05-17 13:58:00,91,58.0
2023-05-17 13:59:00,93,33.0
2023-05-17 14:00:00,86,32.0
2023-05-17 14:01:00,92,29.0
2023-05-17 14:24:00,71,43.0
2023-05-17 14:30:00,81,28.0
2023-05-17 14:37:00,71,49.0
2023-05-17 17:39:00,76,40.0
2023-05-17 17:40:00,78,34.0
2023-05-17 17:43:00,78,10.0
2023-05-17 17:44:00,82,42.0
2023-05-17 17:45:00,52,22.0
2023-05-17 17:46:00,82,85.0
2023-05-17 17:47:00,91,112.0
2023-05-17 17:48:00,93,19.0
2023-05-17 17:49:00,89,67.0
2023-05-17 17:53:00,84,86.0
2023-05-17 17:54:00,85,82.0
2023-05-17 17:55:00,58,10.0
2023-05-17 17:59:00,77,63.0
2023-05-17 18:01:00,90,92.0
2023-05-17 18:02:00,80,83.0
2023-05-17 18:03:00,90,46.0
2023-05-17 18:07:00,83,87.0
2023-05-17 18:08:00,77,24.0
2023-05-17 18:09:00,84,57.0
2023-05-17 18:16:00,75,32.0
2023-05-17 18:18:00,88,12.0
2023-05-17 18:22:00,75,16.0
2023-05-17 18:24:00,92,59.0
2023-05-17 18:25:00,82,63.0
2023-05-17 18:28:00,78,34.0
2023-05-17 18:30:00,107,113.0
2023-05-17 19:25:00,145,127.0
2023-05-17 19:28:00,96,29.0
2023-05-17 19:29:00,81,13.0
2023-05-17 19:34:00,90,11.0
2023-05-17 19:37:00,78,13.0
2023-05-17 19:38:00,80,48.0
2023-05-17 19:39:00,82,23.0
2023-05-17 19:44:00,81,43.0
2023-05-17 19:45:00,90,68.0
2023-05-17 19:46:00,76,68.0
2023-05-17 19:47:00,80,22.0
2023-05-17 22:50:00,84,54.0
2023-05-17 23:13:00,82,45.0
2023-05-17 23:26:00,107,79.0
2023-05-17 23:27:00,88,95.0
2023-05-17 23:28:00,78,31.0
2023-05-17 23:40:00,86,63.0
2023-05-17 23:41:00,83,21.0
2023-05-17 23:47:00,94,49.0
2023-05-17 23:48:00,100,55.0
2023-05-17 23:51:00,92,33.0
2023-05-18 00:05:00,74,22.0
2023-05-18 00:25:00,80,15.0
2023-05-18 00:27:00,98,53.0
2023-05-18 00:28:00,85,3.0
2023-05-18 01:20:00,67,12.0
2023-05-18 01:21:00,73,20.0
2023-05-18 02:01:00,55,11.0
2023-05-18 02:02:00,86,1.0
2023-05-18 06:51:00,80,64.0
2023-05-18 06:52:00,88,12.0
2023-05-18 06:53:00,82,38.0
2023-05-18 06:54:00,84,15.0
2023-05-18 07:01:00,80,72.0
2023-05-18 07:02:00,85,64.0
2023-05-18 07:03:00,80,55.0
2023-05-18 07:04:00,80,23.0
2023-05-18 11:49:00,90,13.0
2023-05-18 11:50:00,116,29.0
2023-05-18 16:30:00,65,15.0
2023-05-18 20:27:00,59,43.0
2023-05-22 23:53:00,77,17.0
2023-05-22 23:56:00,70,11.0
2023-05-22 23:57:00,82,14.0
2023-05-22 23:58:00,81,15.0
2023-05-23 00:12:00,76,13.0
2023-05-23 07:12:00,85,37.0
2023-05-23 07:14:00,86,99.0
2023-05-23 07:15:00,92,126.0
2023-05-23 07:22:00,104,127.0
2023-05-23 07:23:00,101,38.0
2023-05-23 07:27:00,74,22.0
2023-05-23 07:28:00,72,37.0
2023-05-23 07:32:00,78,21.0
2023-05-23 07:33:00,81,26.0
2023-05-23 07:38:00,73,10.0
2023-05-23 07:48:00,73,11.0
2023-05-23 07:50:00,74,26.0
2023-05-23 07:54:00,86,99.0
2023-05-23 07:55:00,101,126.0
2023-05-23 08:01:00,101,127.0
2023-05-23 08:12:00,87,70.0
2023-05-23 08:13:00,93,71.0
2023-05-23 08:14:00,85,81.0
2023-05-23 08:22:00,99,95.0
2023-05-23 08:27:00,75,14.0
2023-05-23 08:28:00,81,105.0
2023-05-23 08:47:00,69,24.0
2023-05-23 08:48:00,93,18.0
2023-05-23 08:53:00,82,10.0
2023-05-23 08:55:00,85,34.0
2023-05-23 08:56:00,92,111.0
2023-05-23 08:57:00,104,23.0
2023-05-23 08:58:00,90,19.0
2023-05-23 09:25:00,68,45.0
2023-05-23 09:26:00,77,76.0
2023-05-23 10:03:00,86,115.0
2023-05-23 10:04:00,92,25.0
2023-05-23 10:16:00,81,48.0
2023-05-23 10:28:00,79,44.0
2023-05-23 10:29:00,83,55.0
2023-05-23 10:30:00,99,66.0
2023-05-23 10:31:00,86,23.0
2023-05-23 10:33:00,89,43.0
2023-05-23 10:38:00,82,22.0
2023-05-23 10:40:00,79,14.0
2023-05-23 10:41:00,81,70.0
2023-05-23 10:42:00,96,81.0
2023-05-23 10:43:00,83,62.0
2023-05-23 10:44:00,81,69.0
2023-05-23 10:45:00,77,23.0
2023-05-23 10:46:00,75,17.0
2023-05-23 10:47:00,98,71.0
2023-05-23 10:48:00,85,52.0
2023-05-23 11:10:00,72,37.0
2023-05-23 11:11:00,74,47.0
2023-05-23 11:12:00,88,38.0
2023-05-23 11:13:00,95,104.0
2023-05-23 11:16:00,80,46.0
2023-05-23 11:17:00,81,31.0
2023-05-23 11:19:00,92,46.0
2023-05-23 11:20:00,93,25.0
2023-05-23 11:21:00,84,68.0
2023-05-23 11:22:00,100,15.0
2023-05-23 11:23:00,91,66.0
2023-05-23 11:24:00,99,127.0
2023-05-23 11:25:00,96,125.0
2023-05-23 11:26:00,93,78.0
2023-05-23 11:27:00,77,23.0
2023-05-23 11:39:00,103,74.0
2023-05-23 11:40:00,89,47.0
2023-05-23 11:41:00,93,29.0
2023-05-23 11:42:00,83,77.0
2023-05-23 11:46:00,79,44.0
2023-05-23 11:47:00,80,96.0
2023-05-23 11:48:00,81,11.0
2023-05-23 11:49:00,74,62.0
2023-05-23 11:50:00,77,53.0
2023-05-23 11:52:00,80,88.0
2023-05-23 11:57:00,78,109.0
2023-05-23 11:58:00,98,101.0
2023-05-23 11:59:00,78,109.0
2023-05-23 12:00:00,90,104.0
2023-05-23 12:01:00,92,106.0
2023-05-23 12:02:00,81,110.0
2023-05-23 12:03:00,96,119.0
2023-05-23 12:04:00,95,59.0
2023-05-23 12:05:00,88,74.0
2023-05-23 12:14:00,88,60.0
2023-05-23 12:15:00,83,54.0
2023-05-23 12:16:00,81,61.0
2023-05-23 12:21:00,80,16.0
2023-05-23 18:04:00,73,10.0
2023-05-23 18:36:00,140,32.0
2023-05-23 18:39:00,95,19.0
2023-05-23 18:40:00,94,27.0
2023-05-23 18:41:00,106,54.0
2023-05-23 18:45:00,81,22.0
2023-05-23 18:46:00,84,61.0
2023-05-23 18:47:00,99,52.0
2023-05-23 18:51:00,95,15.0
2023-05-23 18:56:00,93,40.0
2023-05-23 18:57:00,84,119.0
2023-05-23 18:58:00,91,124.0
2023-05-23 18:59:00,84,122.0
2023-05-23 19:00:00,82,86.0
2023-05-23 19:26:00,91,106.0
2023-05-23 19:27:00,99,119.0
2023-05-23 19:29:00,92,110.0
2023-05-23 19:30:00,76,127.0
2023-05-23 19:32:00,98,126.0
2023-05-23 19:35:00,87,125.0
2023-05-23 19:37:00,91,29.0
2023-05-23 19:38:00,76,105.0
2023-05-23 19:39:00,89,28.0
2023-05-23 19:41:00,93,16.0
2023-05-23 19:42:00,94,12.0
2023-05-23 19:43:00,93,38.0
2023-05-23 19:45:00,90,32.0
2023-05-24 07:13:00,89,56.0
2023-05-24 07:14:00,93,122.0
2023-05-24 07:15:00,94,127.0
2023-05-24 07:22:00,108,78.0
2023-05-24 07:25:00,85,10.0
2023-05-24 07:49:00,70,11.0
2023-05-24 07:57:00,76,16.0
2023-05-24 07:59:00,83,104.0
2023-05-24 08:00:00,98,27.0
2023-05-24 08:01:00,97,115.0
2023-05-24 08:02:00,96,117.0
2023-05-24 08:03:00,85,62.0
2023-05-24 08:04:00,82,76.0
2023-05-24 08:05:00,81,57.0
2023-05-24 08:06:00,81,19.0
2023-05-24 08:07:00,82,15.0
2023-05-24 08:09:00,77,27.0
2023-05-24 08:10:00,90,74.0
2023-05-24 08:13:00,79,63.0
2023-05-24 08:14:00,80,59.0
2023-05-24 08:15:00,81,43.0
2023-05-24 08:16:00,87,41.0
2023-05-24 08:17:00,85,11.0
2023-05-24 08:20:00,85,93.0
2023-05-24 09:03:00,76,62.0
2023-05-24 09:04:00,78,16.0
2023-05-24 09:05:00,73,58.0
2023-05-24 09:53:00,82,68.0
2023-05-24 09:54:00,68,61.0
2023-05-24 09:55:00,87,18.0
2023-05-24 10:14:00,72,19.0
2023-05-24 12:26:00,67,52.0
2023-05-24 12:27:00,53,17.0
2023-05-24 12:28:00,104,75.0
2023-05-24 12:35:00,72,12.0
2023-05-24 13:52:00,87,67.0
2023-05-24 14:54:00,79,86.0
2023-05-24 15:09:00,75,35.0
2023-05-24 15:10:00,79,32.0
2023-05-24 16:33:00,55,11.0
2023-05-24 17:40:00,55,42.0
2023-05-24 17:41:00,79,58.0
2023-05-24 17:45:00,80,23.0
2023-05-24 17:46:00,83,63.0
2023-05-24 17:47:00,82,51.0
2023-05-24 17:51:00,71,37.0
2023-05-24 17:52:00,76,39.0
2023-05-24 17:53:00,80,60.0
2023-05-24 17:54:00,84,13.0
2023-05-24 18:29:00,165,88.0
2023-05-24 18:30:00,114,10.0
2023-05-24 18:31:00,82,10.0
2023-05-24 18:46:00,116,40.0
2023-05-24 18:47:00,104,37.0
2023-05-24 18:48:00,102,14.0
2023-05-24 18:54:00,83,23.0
2023-05-24 18:55:00,88,13.0
2023-05-24 18:56:00,92,49.0
2023-05-24 18:57:00,116,84.0
2023-05-24 18:58:00,109,111.0
2023-05-24 18:59:00,116,126.0
2023-05-24 19:01:00,99,19.0
2023-05-24 19:02:00,96,11.0
2023-05-24 19:03:00,78,17.0
2023-05-24 19:16:00,78,16.0
2023-05-24 19:25:00,78,14.0
2023-05-24 19:28:00,93,117.0
2023-05-24 19:30:00,88,121.0
2023-05-24 19:31:00,98,124.0
2023-05-24 19:32:00,96,126.0
2023-05-24 19:34:00,103,126.0
2023-05-24 19:36:00,90,127.0
2023-05-24 19:37:00,94,125.0
2023-05-24 19:39:00,94,44.0
2023-05-24 19:40:00,88,18.0
2023-05-24 22:01:00,89,41.0
2023-05-24 23:13:00,75,12.0
