time,heartRate,steps
2023/5/1 10:37,81,12
2023/5/1 10:39,98,73
2023/5/1 10:40,84,88
2023/5/1 10:41,82,125
2023/5/1 10:43,82,126
2023/5/1 10:44,81,124
2023/5/1 10:49,83,38
2023/5/1 10:52,81,23
2023/5/1 11:19,90,106
2023/5/1 11:20,93,122
2023/5/1 11:23,97,127
2023/5/1 11:26,93,39
2023/5/1 11:28,95,72
2023/5/1 11:35,103,82
2023/5/1 11:36,96,23
2023/5/1 11:37,89,97
2023/5/1 11:38,81,40
2023/5/1 11:40,91,24
2023/5/1 11:41,92,27
2023/5/1 11:42,84,20
2023/5/1 11:43,55,64
2023/5/1 11:44,74,102
2023/5/1 11:45,80,95
2023/5/1 11:46,91,50
2023/5/1 11:48,87,23
2023/5/1 11:52,90,102
2023/5/1 11:53,85,18
2023/5/1 11:54,81,23
2023/5/1 12:10,79,75
2023/5/1 12:11,80,32
2023/5/1 12:13,80,51
2023/5/1 12:15,89,47
2023/5/1 12:16,103,28
2023/5/1 12:18,88,99
2023/5/1 12:19,86,18
2023/5/1 12:38,82,16
2023/5/1 12:39,102,6
2023/5/1 12:53,93,12
2023/5/1 13:05,82,35
2023/5/1 13:06,85,39
2023/5/1 13:07,92,70
2023/5/1 13:08,101,101
2023/5/1 13:09,90,48
2023/5/1 13:10,91,90
2023/5/1 13:11,94,98
2023/5/1 13:12,84,120
2023/5/1 13:13,80,17
2023/5/1 13:19,72,45
2023/5/1 13:20,88,99
2023/5/1 13:21,87,55
2023/5/1 13:22,83,80
2023/5/1 13:23,85,103
2023/5/1 13:24,81,31
2023/5/1 13:25,90,87
2023/5/1 13:26,76,32
2023/5/1 13:27,83,16
2023/5/1 13:28,86,61
2023/5/1 13:29,86,93
2023/5/1 13:30,86,96
2023/5/1 13:31,85,62
2023/5/1 13:34,87,39
2023/5/1 13:35,114,64
2023/5/1 13:36,88,24
2023/5/1 13:38,84,21
2023/5/1 13:39,97,17
2023/5/1 13:40,88,12
2023/5/1 13:41,81,10
2023/5/1 13:43,78,26
2023/5/1 13:44,84,103
2023/5/1 13:45,80,17
2023/5/1 13:46,81,38
2023/5/1 14:05,77,12
2023/5/1 14:07,92,16
2023/5/1 14:10,70,62
2023/5/1 14:11,78,38
2023/5/1 14:19,86,38
2023/5/1 14:20,91,56
2023/5/1 14:22,66,36
2023/5/1 14:28,66,14
2023/5/1 14:50,84,28
2023/5/1 14:51,79,13
2023/5/1 14:54,92,44
2023/5/1 14:57,93,81
2023/5/1 15:05,87,81
2023/5/1 15:06,82,79
2023/5/1 15:28,92,11
2023/5/1 16:01,80,15
2023/5/1 16:11,80,58
2023/5/1 16:19,49,48
2023/5/1 16:20,73,72
2023/5/1 16:21,82,58
2023/5/1 16:22,81,86
2023/5/1 16:23,86,78
2023/5/1 16:24,82,36
2023/5/1 16:25,82,21
2023/5/1 16:28,88,56
2023/5/1 16:29,70,26
2023/5/1 16:30,86,51
2023/5/1 16:31,92,39
2023/5/1 16:33,77,12
2023/5/1 16:34,84,56
2023/5/1 18:25,166,98
2023/5/1 18:26,112,15
2023/5/1 18:27,89,60
2023/5/1 18:28,81,11
2023/5/1 18:33,109,16
2023/5/1 18:34,86,106
2023/5/1 18:35,88,87
2023/5/1 18:36,92,23
2023/5/1 18:57,94,75
2023/5/1 18:58,84,69
2023/5/1 18:59,82,123
2023/5/1 19:00,114,125
2023/5/1 19:01,108,116
2023/5/1 19:02,93,44
2023/5/1 19:27,90,21
2023/5/1 19:28,94,52
2023/5/1 19:29,84,122
2023/5/1 19:30,91,113
2023/5/1 19:31,93,122
2023/5/1 19:32,109,120
2023/5/1 19:33,89,126
2023/5/1 19:34,83,124
2023/5/1 19:35,82,121
2023/5/1 19:36,100,122
2023/5/1 19:37,118,113
2023/5/1 19:40,109,105
2023/5/1 19:41,88,117
2023/5/1 19:43,102,11
2023/5/1 19:44,74,49
2023/5/1 19:45,79,19
2023/5/1 19:46,90,33
2023/5/1 19:57,85,17
2023/5/1 19:58,77,9
2023/5/2 1:19,79,21
2023/5/2 2:36,79,13
2023/5/2 3:47,62,17
2023/5/2 23:06,74,20
2023/5/3 10:37,74,36
2023/5/3 10:39,65,56
2023/5/3 10:40,81,114
2023/5/3 10:41,90,19
2023/5/3 10:42,82,88
2023/5/3 10:43,92,118
2023/5/3 10:44,93,13
2023/5/3 10:45,82,15
2023/5/3 10:49,68,14
2023/5/3 10:50,78,53
2023/5/3 10:51,90,23
2023/5/3 10:53,76,11
2023/5/3 10:54,98,42
2023/5/3 10:58,77,39
2023/5/3 10:59,80,103
2023/5/3 11:00,90,127
2023/5/3 11:01,83,123
2023/5/3 11:07,105,97
2023/5/3 11:11,80,15
2023/5/3 11:12,80,38
2023/5/3 11:19,75,80
2023/5/3 11:20,79,27
2023/5/3 11:21,89,11
2023/5/3 11:46,92,107
2023/5/3 11:47,97,127
2023/5/3 11:48,95,126
2023/5/3 11:49,95,85
2023/5/3 11:50,84,92
2023/5/3 11:51,83,43
2023/5/3 11:52,80,62
2023/5/3 12:00,82,14
2023/5/3 12:01,81,45
2023/5/3 12:02,93,55
2023/5/3 12:03,84,13
2023/5/3 12:06,81,79
2023/5/3 12:07,86,25
2023/5/3 13:14,70,32
2023/5/3 13:15,76,44
2023/5/3 13:16,80,55
2023/5/3 13:17,85,53
2023/5/3 13:18,92,12
2023/5/3 13:46,89,65
2023/5/3 13:47,85,57
2023/5/3 13:48,81,122
2023/5/3 13:49,81,124
2023/5/3 13:50,108,70
2023/5/3 13:51,87,80
2023/5/3 13:53,100,47
2023/5/3 13:55,104,89
2023/5/3 13:56,119,97
2023/5/3 13:58,110,94
2023/5/3 13:59,107,91
2023/5/3 14:02,84,82
2023/5/3 14:15,105,90
2023/5/3 14:17,86,23
2023/5/3 15:43,64,57
2023/5/3 15:44,77,40
2023/5/3 15:45,72,26
2023/5/3 15:50,80,41
2023/5/3 15:53,89,13
2023/5/3 15:54,83,18
2023/5/3 15:55,82,96
2023/5/3 15:56,85,5
2023/5/3 15:57,87,42
2023/5/3 15:58,86,25
2023/5/3 15:59,79,22
2023/5/3 16:00,76,35
2023/5/3 16:01,80,51
2023/5/3 16:03,84,35
2023/5/3 16:04,91,15
2023/5/3 16:05,92,35
2023/5/3 16:06,80,26
2023/5/3 16:07,79,23
2023/5/3 16:08,84,20
2023/5/3 16:09,80,19
2023/5/3 16:10,90,32
2023/5/3 16:12,79,31
2023/5/3 16:13,89,26
2023/5/3 16:21,90,13
2023/5/3 16:22,94,57
2023/5/3 16:23,85,23
2023/5/3 16:24,92,13
2023/5/3 16:30,78,31
2023/5/3 16:31,80,38
2023/5/3 16:32,79,14
2023/5/3 16:33,89,26
2023/5/3 16:34,80,30
2023/5/3 16:42,81,20
2023/5/3 16:45,92,18
2023/5/3 16:46,83,13
2023/5/3 16:47,85,29
2023/5/3 17:22,100,35
2023/5/3 18:40,88,14
2023/5/3 18:41,98,77
2023/5/3 18:42,88,28
2023/5/3 18:43,92,26
2023/5/3 18:44,76,4
2023/5/3 18:52,92,17
2023/5/3 18:53,84,95
2023/5/3 18:54,75,52
2023/5/3 18:55,88,5
2023/5/3 18:56,87,15
2023/5/3 18:57,83,92
2023/5/3 18:58,90,43
2023/5/3 18:59,99,116
2023/5/3 19:00,103,107
2023/5/3 19:02,83,15
2023/5/3 19:25,82,30
2023/5/3 19:27,81,116
2023/5/3 19:29,80,14
2023/5/3 19:30,83,52
2023/5/3 19:32,91,125
2023/5/3 19:33,84,127
2023/5/3 19:34,91,125
2023/5/3 19:35,84,103
2023/5/3 19:38,99,40
2023/5/3 19:39,104,30
2023/5/3 19:40,97,126
2023/5/3 19:42,96,127
2023/5/3 19:43,84,107
2023/5/3 19:44,82,120
2023/5/3 19:45,84,20
2023/5/3 19:46,84,43
2023/5/3 19:50,80,12
2023/5/3 19:51,81,12
2023/5/3 20:01,76,44
2023/5/3 20:02,83,55
2023/5/3 20:05,86,53
2023/5/3 20:07,82,44
2023/5/3 22:44,63,26
2023/5/3 23:04,91,23
2023/5/3 23:07,81,12
2023/5/3 23:23,79,19
2023/5/4 1:08,80,15
2023/5/4 7:09,81,38
2023/5/4 7:10,84,25
2023/5/4 7:11,88,124
2023/5/4 7:12,92,127
2023/5/4 7:19,107,87
2023/5/4 7:23,81,10
2023/5/4 7:24,85,1
2023/5/4 7:54,99,122
2023/5/4 7:56,102,109
2023/5/4 7:57,119,115
2023/5/4 7:58,99,14
2023/5/4 7:59,103,30
2023/5/4 8:00,87,37
2023/5/4 8:01,93,8
2023/5/4 14:54,87,61
2023/5/4 14:55,108,69
2023/5/4 14:56,77,23
2023/5/4 14:58,77,12
2023/5/4 14:59,67,44
2023/5/4 15:00,74,14
2023/5/4 15:03,98,44
2023/5/4 15:10,80,56
2023/5/4 15:11,91,110
2023/5/4 15:12,54,20
2023/5/4 15:16,87,18
2023/5/4 17:50,81,57
2023/5/4 17:51,80,33
2023/5/4 17:52,84,70
2023/5/4 17:53,91,21
2023/5/4 17:55,92,48
2023/5/4 17:56,102,45
2023/5/4 17:57,82,42
2023/5/4 17:58,81,12
2023/5/4 18:31,108,46
2023/5/4 18:39,80,29
2023/5/4 18:43,81,16
2023/5/4 18:48,83,44
2023/5/4 18:49,91,109
2023/5/4 18:50,84,44
2023/5/4 18:51,85,48
2023/5/4 18:52,92,72
2023/5/4 18:53,93,42
2023/5/4 18:54,94,15
2023/5/4 18:57,75,33
2023/5/4 18:58,79,93
2023/5/4 19:00,97,126
2023/5/4 19:01,95,74
2023/5/4 19:29,82,62
2023/5/4 19:30,86,121
2023/5/4 19:31,82,127
2023/5/4 19:32,92,117
2023/5/4 19:33,84,104
2023/5/4 19:34,82,121
2023/5/4 19:35,84,121
2023/5/4 19:36,91,123
2023/5/4 19:37,84,124
2023/5/4 19:38,92,126
2023/5/4 19:39,93,122
2023/5/4 19:40,95,20
2023/5/4 19:42,83,15
2023/5/4 19:43,91,34
2023/5/4 19:44,84,53
2023/5/4 19:45,94,51
2023/5/4 19:46,94,99
2023/5/4 19:47,84,74
2023/5/4 19:48,91,62
2023/5/4 19:49,84,35
2023/5/4 20:03,69,25
2023/5/4 21:06,62,16
2023/5/5 7:10,81,33
2023/5/5 7:11,84,112
2023/5/5 7:12,92,126
2023/5/5 7:19,104,124
2023/5/5 7:20,99,1
2023/5/5 7:51,84,109
2023/5/5 7:53,90,123
2023/5/5 7:54,83,113
2023/5/5 7:55,87,39
2023/5/5 7:56,82,44
2023/5/5 8:02,81,11
2023/5/5 17:53,65,37
2023/5/5 17:54,77,49
2023/5/5 18:04,76,35
2023/5/5 18:43,82,41
2023/5/5 18:45,77,68
2023/5/5 18:46,82,64
2023/5/5 18:48,86,46
2023/5/5 18:49,84,83
2023/5/5 18:50,82,73
2023/5/5 18:55,84,79
2023/5/5 18:56,77,86
2023/5/5 18:57,79,111
2023/5/5 18:59,81,125
2023/5/5 19:00,91,74
2023/5/5 19:15,79,10
2023/5/5 19:18,79,16
2023/5/5 19:28,86,17
2023/5/5 19:29,92,99
2023/5/5 19:30,93,114
2023/5/5 19:32,96,101
2023/5/5 19:34,94,122
2023/5/5 19:36,84,125
2023/5/5 19:37,82,126
2023/5/5 19:38,95,127
2023/5/5 19:39,100,127
2023/5/5 19:40,96,127
2023/5/5 19:41,85,81
2023/5/5 19:43,82,19
2023/5/5 19:45,91,23
2023/5/5 19:46,87,19
2023/5/5 20:51,88,15
2023/5/5 21:03,69,12
2023/5/5 21:04,73,4
2023/5/5 21:14,97,23
2023/5/5 21:15,85,13
2023/5/5 21:23,81,19
2023/5/5 21:29,76,23
2023/5/5 21:30,89,16
2023/5/5 21:32,88,23
2023/5/5 21:33,114,43
2023/5/5 22:40,68,18
2023/5/5 22:41,77,27
2023/5/5 22:55,88,41
2023/5/6 1:44,75,13
2023/5/6 6:57,75,11
2023/5/6 7:08,78,37
2023/5/6 7:09,77,89
2023/5/6 7:18,94,28
2023/5/6 7:19,88,12
2023/5/6 7:22,75,35
2023/5/6 7:54,74,58
2023/5/6 7:57,98,109
2023/5/6 7:58,85,91
2023/5/6 7:59,86,30
2023/5/6 8:03,81,40
2023/5/6 8:06,77,55
2023/5/6 8:07,88,50
2023/5/6 8:12,79,14
2023/5/6 8:13,80,5
2023/5/6 8:14,76,22
2023/5/6 8:15,89,33
2023/5/6 8:17,72,30
2023/5/6 8:19,65,37
2023/5/6 8:21,79,29
2023/5/6 8:29,91,43
2023/5/6 12:11,77,13
2023/5/6 16:23,82,13
2023/5/6 19:29,76,44
2023/5/6 19:30,89,108
2023/5/6 19:31,104,113
2023/5/6 19:32,110,112
2023/5/6 19:33,99,110
2023/5/6 19:34,118,117
2023/5/6 19:35,91,78
2023/5/6 19:36,94,99
2023/5/6 19:37,104,69
2023/5/6 19:39,83,88
2023/5/6 19:40,102,65
2023/5/6 19:41,90,72
2023/5/6 19:42,93,38
2023/5/6 19:43,94,111
2023/5/6 19:44,85,42
2023/5/6 19:45,91,51
2023/5/6 19:46,83,12
2023/5/6 19:52,91,17
2023/5/6 19:53,103,23
2023/5/6 19:55,96,16
2023/5/6 19:59,81,14
2023/5/6 20:00,82,12
2023/5/6 20:11,89,54
2023/5/6 20:12,110,60
2023/5/6 20:13,98,51
2023/5/6 20:16,82,56
2023/5/6 20:21,81,13
2023/5/6 20:25,82,12
2023/5/6 20:27,83,23
2023/5/6 20:31,91,16
2023/5/6 20:34,90,47
2023/5/6 20:35,93,107
2023/5/6 20:36,111,62
2023/5/6 20:37,92,60
2023/5/6 20:38,84,27
2023/5/6 20:40,62,60
2023/5/6 20:43,81,62
2023/5/6 20:44,81,25
2023/5/6 20:45,91,49
2023/5/6 20:46,93,49
2023/5/6 20:47,97,122
2023/5/6 20:48,96,63
2023/5/6 20:49,85,123
2023/5/6 20:50,109,104
2023/5/6 20:51,121,123
2023/5/6 20:52,100,43
2023/5/6 20:53,96,90
2023/5/6 20:54,95,12
2023/5/6 21:11,76,20
2023/5/6 21:12,77,85
2023/5/6 21:13,84,121
2023/5/6 21:14,82,60
2023/5/6 21:16,81,127
2023/5/6 21:19,81,62
2023/5/6 21:20,80,127
2023/5/6 21:21,81,127
2023/5/6 21:23,82,127
2023/5/6 21:26,81,125
2023/5/6 21:27,91,75
2023/5/6 21:28,93,76
2023/5/6 21:29,84,64
2023/5/6 21:30,82,45
2023/5/6 21:31,81,111
2023/5/6 21:32,78,54
2023/5/6 22:25,97,16
2023/5/6 22:59,153,56
2023/5/6 23:58,81,18
2023/5/7 1:00,84,10
2023/5/7 1:01,96,31
2023/5/7 1:02,105,58
2023/5/7 1:04,92,44
2023/5/7 1:37,82,63
2023/5/7 1:54,85,54
2023/5/7 1:55,83,16
2023/5/7 1:56,85,12
2023/5/7 1:57,92,22
2023/5/7 1:58,93,46
2023/5/7 2:00,93,20
2023/5/7 2:20,84,10
2023/5/7 2:21,92,44
2023/5/7 2:22,102,59
2023/5/7 8:02,54,11
2023/5/7 9:29,81,84
2023/5/7 9:30,85,44
2023/5/7 9:32,81,14
2023/5/7 9:33,81,20
2023/5/7 9:35,60,47
2023/5/7 9:36,75,44
2023/5/7 10:44,82,18
2023/5/7 10:45,84,52
2023/5/7 10:46,85,43
2023/5/7 10:47,78,32
2023/5/7 11:41,140,126
2023/5/7 11:44,98,49
2023/5/7 13:14,63,25
2023/5/7 14:14,77,25
2023/5/7 14:15,89,14
2023/5/7 14:18,79,27
2023/5/7 15:50,83,24
2023/5/7 16:12,84,72
2023/5/7 17:54,86,15
2023/5/7 17:55,82,101
2023/5/7 17:59,70,27
2023/5/7 18:00,94,70
2023/5/7 18:01,87,36
2023/5/7 18:08,80,38
2023/5/7 18:19,86,15
2023/5/7 18:20,82,13
2023/5/7 18:22,84,29
2023/5/7 18:23,78,58
2023/5/7 18:25,81,126
2023/5/7 18:26,91,125
2023/5/7 18:27,95,64
2023/5/7 18:32,93,53
2023/5/7 18:58,90,11
2023/5/7 19:00,108,117
2023/5/7 19:02,117,125
2023/5/7 19:03,100,17
2023/5/7 19:08,74,65
2023/5/7 19:12,74,18
2023/5/7 19:13,95,125
2023/5/7 19:14,80,126
2023/5/7 19:21,100,39
2023/5/7 19:22,98,107
2023/5/7 19:23,95,31
2023/5/7 19:24,85,27
2023/5/7 19:25,92,42
2023/5/7 19:26,99,34
2023/5/7 19:27,90,42
2023/5/7 19:55,84,10
2023/5/7 19:56,81,27
2023/5/7 19:57,77,19
2023/5/7 20:38,96,19
2023/5/7 20:39,103,26
2023/5/7 21:56,81,22
2023/5/7 22:09,85,17
2023/5/8 3:11,85,13
2023/5/8 3:12,80,14
2023/5/8 3:14,79,15
2023/5/8 8:51,57,53
2023/5/8 14:36,54,16
2023/5/8 17:36,66,10
2023/5/8 17:45,75,13
2023/5/8 17:47,66,23
2023/5/8 18:21,119,24
2023/5/8 18:32,87,31
2023/5/8 18:33,91,28
2023/5/8 18:39,105,57
2023/5/8 18:40,87,65
2023/5/8 18:44,86,90
2023/5/8 18:47,98,103
2023/5/8 18:48,84,59
2023/5/8 18:51,84,42
2023/5/8 18:56,83,30
2023/5/8 18:57,100,32
2023/5/8 19:01,90,4
2023/5/8 19:26,75,60
2023/5/8 19:27,95,125
2023/5/8 19:29,98,121
2023/5/8 19:37,107,106
2023/5/8 19:38,97,109
2023/5/8 19:40,94,18
2023/5/8 19:41,82,45
2023/5/9 7:00,71,7
2023/5/9 7:04,85,20
2023/5/9 7:07,89,39
2023/5/9 7:08,82,112
2023/5/9 7:16,105,82
2023/5/9 7:19,88,20
2023/5/9 7:21,99,17
2023/5/9 7:52,70,32
2023/5/9 7:55,97,117
2023/5/9 7:56,91,59
2023/5/9 7:57,79,4
2023/5/9 7:59,87,31
2023/5/9 8:45,74,29
2023/5/9 11:27,76,13
2023/5/9 14:31,75,11
2023/5/9 15:50,63,43
2023/5/9 17:59,78,66
2023/5/9 18:00,78,65
2023/5/9 18:37,140,95
2023/5/9 18:38,122,17
2023/5/9 18:41,72,16
2023/5/9 18:42,85,27
2023/5/9 18:43,103,93
2023/5/9 18:44,87,42
2023/5/9 18:51,84,61
2023/5/9 18:52,99,9
2023/5/9 18:56,90,30
2023/5/9 18:57,95,127
2023/5/9 18:58,85,127
2023/5/9 18:59,80,125
2023/5/9 19:00,81,39
2023/5/9 19:06,83,12
2023/5/9 19:33,85,102
2023/5/9 19:34,92,116
2023/5/9 19:35,84,102
2023/5/9 19:36,96,99
2023/5/9 19:37,89,97
2023/5/9 19:38,83,97
2023/5/9 19:39,91,102
2023/5/9 19:40,84,97
2023/5/9 19:41,80,105
2023/5/9 19:42,85,108
2023/5/9 19:43,82,112
2023/5/9 20:01,79,18
2023/5/9 20:03,85,39
2023/5/9 21:51,69,33
2023/5/9 22:13,78,23
2023/5/9 22:14,90,19
2023/5/10 2:29,51,12
2023/5/10 7:11,79,78
2023/5/10 7:12,92,102
2023/5/10 7:13,94,107
2023/5/10 7:14,95,106
2023/5/10 7:15,104,100
2023/5/10 7:17,120,125
2023/5/10 7:20,94,95
2023/5/10 7:49,74,52
2023/5/10 7:59,80,111
2023/5/10 8:01,96,6
2023/5/10 8:04,85,74
2023/5/10 8:12,98,127
2023/5/10 8:13,85,123
2023/5/10 8:14,78,104
2023/5/10 8:15,90,64
2023/5/10 9:20,90,14
2023/5/10 9:21,83,17
2023/5/10 9:30,65,23
2023/5/10 9:31,81,87
2023/5/10 9:32,81,18
2023/5/10 9:33,77,11
2023/5/10 9:34,89,17
2023/5/10 9:36,91,29
2023/5/10 9:37,92,88
2023/5/10 9:38,87,31
2023/5/10 9:39,78,61
2023/5/10 9:40,82,49
2023/5/10 9:41,99,31
2023/5/10 10:27,80,20
2023/5/10 11:03,78,75
2023/5/10 11:04,68,75
2023/5/10 11:05,87,16
2023/5/10 11:25,80,60
2023/5/10 11:26,99,50
2023/5/10 11:30,97,85
2023/5/10 11:32,88,57
2023/5/10 11:33,86,29
2023/5/10 11:36,81,91
2023/5/10 11:37,85,45
2023/5/10 11:41,87,83
2023/5/10 11:45,81,17
2023/5/10 11:46,77,18
2023/5/10 11:47,100,94
2023/5/10 11:48,90,40
2023/5/10 11:52,83,53
2023/5/10 11:53,90,64
2023/5/10 11:54,81,44
2023/5/10 14:54,54,20
2023/5/10 15:46,75,12
2023/5/10 17:46,101,32
2023/5/10 17:47,86,79
2023/5/10 17:48,75,2
2023/5/10 18:25,76,11
2023/5/10 18:28,89,43
2023/5/10 18:37,111,11
2023/5/10 18:38,85,82
2023/5/10 18:39,91,32
2023/5/10 19:00,100,120
2023/5/10 19:01,112,121
2023/5/10 19:02,99,56
2023/5/10 19:26,83,36
2023/5/10 19:27,91,127
2023/5/10 19:28,93,127
2023/5/10 19:29,94,110
2023/5/10 19:30,93,119
2023/5/10 19:32,88,114
2023/5/10 19:34,122,126
2023/5/10 19:38,86,124
2023/5/10 19:39,83,43
2023/5/10 19:40,81,14
2023/5/10 19:42,91,41
2023/5/10 19:43,84,40
2023/5/10 19:44,102,12
2023/5/10 19:45,90,17
2023/5/10 19:47,79,98
2023/5/10 19:48,90,72
2023/5/10 19:50,78,82
2023/5/10 19:51,99,68
2023/5/10 19:53,79,27
2023/5/10 19:57,81,29
2023/5/10 20:13,73,10
2023/5/11 3:30,59,10
2023/5/11 7:08,42,46
2023/5/11 7:17,95,84
2023/5/11 7:20,97,10
2023/5/11 7:21,90,6
2023/5/11 7:23,95,20
2023/5/11 7:47,80,12
2023/5/11 7:51,73,16
2023/5/11 7:52,88,37
2023/5/11 7:55,114,86
2023/5/11 8:01,93,25
2023/5/11 8:02,84,51
2023/5/11 8:03,82,17
2023/5/11 8:04,81,30
2023/5/11 8:05,79,17
2023/5/11 8:07,90,25
2023/5/11 8:08,93,24
2023/5/11 8:09,79,17
2023/5/11 8:10,79,42
2023/5/11 8:11,90,22
2023/5/11 8:52,73,44
2023/5/11 8:53,88,27
2023/5/11 8:54,76,11
2023/5/11 8:55,83,42
2023/5/11 9:05,99,101
2023/5/11 9:06,113,94
2023/5/11 9:07,99,16
2023/5/11 9:20,89,16
2023/5/11 9:25,92,23
2023/5/11 9:26,102,32
2023/5/11 9:28,93,10
2023/5/11 9:29,84,38
2023/5/11 9:31,95,76
2023/5/11 9:33,84,27
2023/5/11 9:38,76,19
2023/5/11 9:42,86,76
2023/5/11 9:43,82,43
2023/5/11 9:44,81,15
2023/5/11 9:45,73,1
2023/5/11 9:48,90,105
2023/5/11 9:49,83,21
2023/5/11 10:30,84,123
2023/5/11 10:31,80,62
2023/5/11 10:59,79,51
2023/5/11 11:00,74,59
2023/5/11 11:09,75,19
2023/5/11 11:10,84,100
2023/5/11 11:11,83,60
2023/5/11 11:40,90,25
2023/5/11 11:44,80,65
2023/5/11 11:45,83,38
2023/5/11 12:28,89,26
2023/5/11 12:29,102,46
2023/5/11 12:30,87,78
2023/5/11 13:51,76,31
2023/5/11 14:14,65,16
2023/5/11 14:32,64,11
2023/5/11 14:53,70,26
2023/5/11 14:57,94,123
2023/5/11 14:58,94,126
2023/5/11 15:01,101,89
2023/5/11 15:05,92,127
2023/5/11 15:08,83,121
2023/5/11 15:09,82,122
2023/5/11 15:10,64,10
2023/5/11 16:25,74,25
2023/5/11 16:30,80,48
2023/5/11 16:32,83,15
2023/5/11 16:33,82,12
2023/5/11 16:47,82,11
2023/5/11 16:48,91,67
2023/5/11 16:49,92,11
2023/5/11 16:51,86,47
2023/5/11 17:06,80,15
2023/5/11 17:28,87,13
2023/5/11 17:44,88,52
2023/5/11 17:45,81,107
2023/5/11 17:46,81,44
2023/5/11 17:56,77,21
2023/5/11 18:30,156,115
2023/5/11 18:31,132,14
2023/5/11 18:33,98,16
2023/5/11 18:54,84,25
2023/5/11 18:56,97,71
2023/5/11 18:57,95,114
2023/5/11 18:58,105,125
2023/5/11 18:59,91,125
2023/5/11 19:00,84,81
2023/5/11 19:02,80,73
2023/5/11 19:03,91,10
2023/5/11 19:05,92,14
2023/5/11 19:07,81,10
2023/5/11 19:30,89,91
2023/5/11 19:31,93,113
2023/5/11 19:32,94,95
2023/5/11 19:33,80,66
2023/5/11 19:34,76,39
2023/5/11 19:35,89,108
2023/5/11 19:36,83,27
2023/5/11 19:39,88,14
2023/5/11 19:40,84,28
2023/5/11 19:42,78,21
2023/5/11 19:45,93,104
2023/5/11 19:46,107,126
2023/5/11 19:47,97,122
2023/5/11 19:48,85,126
2023/5/11 19:49,78,110
2023/5/11 19:50,73,117
2023/5/11 19:51,94,26
2023/5/11 19:52,84,15
2023/5/11 19:53,82,3
2023/5/11 19:54,81,14
2023/5/11 19:55,81,17
2023/5/11 19:57,83,18
2023/5/11 20:00,82,31
2023/5/11 20:15,86,23
2023/5/11 20:19,80,21
2023/5/11 21:44,86,27
2023/5/11 21:54,69,17
2023/5/12 7:10,94,112
2023/5/12 7:18,78,46
2023/5/12 7:21,96,18
2023/5/12 7:23,81,13
2023/5/12 7:53,85,103
2023/5/12 7:56,96,67
2023/5/12 7:57,95,67
2023/5/12 8:01,83,49
2023/5/12 8:02,82,114
2023/5/12 8:03,91,38
2023/5/12 8:06,77,83
2023/5/12 8:07,90,33
2023/5/12 8:10,86,59
2023/5/12 8:11,93,55
2023/5/12 18:02,89,80
2023/5/12 18:36,110,59
2023/5/12 18:37,89,57
2023/5/12 18:38,82,45
2023/5/12 18:40,108,44
2023/5/12 18:41,101,63
2023/5/12 18:42,104,26
2023/5/12 18:45,77,62
2023/5/12 18:46,93,13
2023/5/12 18:49,111,29
2023/5/12 18:57,90,71
2023/5/12 18:58,80,119
2023/5/12 18:59,81,115
2023/5/12 19:00,73,114
2023/5/12 19:01,91,42
2023/5/12 19:03,75,11
2023/5/12 19:04,89,9
2023/5/12 19:31,104,112
2023/5/12 19:32,119,113
2023/5/12 19:33,91,118
2023/5/12 19:34,93,120
2023/5/12 19:35,94,122
2023/5/12 19:37,89,126
2023/5/12 19:38,93,125
2023/5/12 19:39,84,127
2023/5/12 19:40,100,88
2023/5/12 19:41,90,65
2023/5/12 19:42,93,118
2023/5/12 19:43,94,14
2023/5/12 19:44,85,118
2023/5/12 19:45,94,31
2023/5/13 6:10,62,13
2023/5/13 10:45,78,52
2023/5/13 10:46,100,125
2023/5/13 10:47,101,110
2023/5/13 10:48,87,18
2023/5/13 10:49,83,34
2023/5/13 10:50,83,118
2023/5/13 10:51,97,123
2023/5/13 10:52,95,53
2023/5/13 10:53,105,18
2023/5/13 10:54,88,72
2023/5/13 10:55,84,39
2023/5/13 10:56,93,26
2023/5/13 10:58,92,72
2023/5/13 10:59,85,114
2023/5/13 11:00,92,118
2023/5/13 11:01,90,127
2023/5/13 11:03,91,126
2023/5/13 11:06,100,127
2023/5/13 11:07,96,102
2023/5/13 11:08,84,50
2023/5/13 11:11,90,21
2023/5/13 11:21,93,13
2023/5/13 11:22,94,42
2023/5/13 11:23,84,74
2023/5/13 11:24,82,44
2023/5/13 11:25,83,49
2023/5/13 11:26,87,48
2023/5/13 11:52,79,10
2023/5/13 11:53,80,62
2023/5/13 11:54,81,73
2023/5/13 11:55,81,99
2023/5/13 11:56,95,66
2023/5/13 11:57,85,99
2023/5/13 11:58,92,123
2023/5/13 11:59,89,122
2023/5/13 12:00,80,124
2023/5/13 12:01,97,97
2023/5/13 12:02,81,124
2023/5/13 12:03,91,89
2023/5/13 12:04,92,80
2023/5/13 12:05,93,66
2023/5/13 12:06,86,88
2023/5/13 12:07,101,104
2023/5/13 12:08,101,87
2023/5/13 12:09,87,62
2023/5/13 12:10,83,108
2023/5/13 12:11,88,108
2023/5/13 12:12,83,78
2023/5/13 12:13,92,120
2023/5/13 12:14,88,114
2023/5/13 12:15,98,117
2023/5/13 12:16,93,88
2023/5/13 12:17,94,10
2023/5/13 12:18,84,102
2023/5/13 12:19,100,82
2023/5/13 12:20,89,64
2023/5/13 12:21,87,114
2023/5/13 12:22,86,117
2023/5/13 12:23,92,121
2023/5/13 12:24,84,120
2023/5/13 12:25,96,111
2023/5/13 12:26,84,117
2023/5/13 12:27,91,106
2023/5/13 12:28,87,90
2023/5/13 12:29,86,112
2023/5/13 12:30,86,116
2023/5/13 12:31,92,123
2023/5/13 12:32,93,118
2023/5/13 12:33,85,122
2023/5/13 12:34,82,26
2023/5/13 12:35,85,115
2023/5/13 12:36,93,20
2023/5/13 12:39,82,53
2023/5/13 12:40,81,100
2023/5/13 12:48,84,11
2023/5/13 14:16,57,17
2023/5/13 14:17,91,55
2023/5/13 14:18,87,35
2023/5/13 14:19,91,37
2023/5/13 14:20,80,36
2023/5/13 14:22,73,41
2023/5/13 14:23,73,31
2023/5/13 14:24,86,111
2023/5/13 14:25,81,121
2023/5/13 14:26,82,117
2023/5/13 14:27,91,116
2023/5/13 14:28,94,119
2023/5/13 14:29,90,45
2023/5/13 14:30,88,95
2023/5/13 14:31,84,104
2023/5/13 14:32,91,121
2023/5/13 14:33,94,123
2023/5/13 14:34,94,120
2023/5/13 14:35,106,51
2023/5/13 14:36,96,112
2023/5/13 14:37,78,113
2023/5/13 14:38,80,106
2023/5/13 14:39,81,124
2023/5/13 14:40,81,122
2023/5/13 14:41,84,120
2023/5/13 14:42,82,116
2023/5/13 14:43,62,40
2023/5/13 14:44,75,86
2023/5/13 14:45,89,33
2023/5/13 14:46,86,112
2023/5/13 14:47,98,115
2023/5/13 14:48,85,122
2023/5/13 14:49,82,123
2023/5/13 14:50,81,114
2023/5/13 14:51,92,117
2023/5/13 14:52,94,94
2023/5/13 14:53,94,76
2023/5/13 14:54,94,69
2023/5/13 14:55,80,98
2023/5/13 14:56,101,99
2023/5/13 14:57,96,112
2023/5/13 14:58,89,106
2023/5/13 14:59,93,111
2023/5/13 15:00,94,99
2023/5/13 15:01,87,82
2023/5/13 15:11,77,24
2023/5/13 15:12,81,107
2023/5/13 15:13,91,123
2023/5/13 15:14,84,125
2023/5/13 15:15,82,120
2023/5/13 15:16,91,123
2023/5/13 15:17,93,123
2023/5/13 15:18,84,120
2023/5/13 15:19,82,123
2023/5/13 15:20,91,116
2023/5/13 15:21,95,118
2023/5/13 15:22,85,125
2023/5/13 15:23,100,121
2023/5/13 15:24,96,124
2023/5/13 15:25,85,95
2023/5/13 15:26,90,31
2023/5/13 15:27,89,123
2023/5/13 15:28,83,123
2023/5/13 15:29,91,125
2023/5/13 15:30,94,126
2023/5/13 15:31,95,120
2023/5/13 15:32,88,86
2023/5/13 15:33,92,62
2023/5/13 15:35,85,19
2023/5/13 15:36,87,106
2023/5/13 15:37,83,113
2023/5/13 15:38,85,124
2023/5/13 15:39,92,121
2023/5/13 15:40,93,122
2023/5/13 15:41,86,115
2023/5/13 15:42,82,84
2023/5/13 15:43,85,42
2023/5/13 15:44,84,18
2023/5/13 15:53,76,14
2023/5/13 15:54,89,105
2023/5/13 15:55,82,25
2023/5/13 15:56,88,5
2023/5/13 15:58,76,10
2023/5/13 15:59,78,15
2023/5/13 16:01,79,43
2023/5/13 16:02,90,25
2023/5/13 16:03,87,103
2023/5/13 16:04,83,46
2023/5/13 16:05,77,114
2023/5/13 16:06,79,110
2023/5/13 16:07,76,99
2023/5/13 16:08,90,100
2023/5/13 16:09,83,90
2023/5/13 16:10,85,60
2023/5/13 16:11,85,56
2023/5/13 16:12,75,57
2023/5/13 16:15,79,14
2023/5/13 16:27,55,37
2023/5/13 16:28,76,26
2023/5/13 16:29,88,13
2023/5/13 16:30,83,68
2023/5/13 16:31,80,122
2023/5/13 16:32,79,52
2023/5/13 16:33,84,112
2023/5/13 16:34,91,117
2023/5/13 16:35,93,112
2023/5/13 16:36,101,114
2023/5/13 16:37,86,90
2023/5/13 16:38,83,104
2023/5/13 16:39,108,109
2023/5/13 16:40,98,48
2023/5/13 16:41,88,61
2023/5/13 16:42,84,76
2023/5/13 16:43,92,86
2023/5/13 16:44,99,120
2023/5/13 16:45,101,119
2023/5/13 16:46,89,119
2023/5/13 16:47,83,116
2023/5/13 16:48,97,90
2023/5/13 16:49,82,85
2023/5/13 16:50,91,37
2023/5/13 16:51,83,37
2023/5/13 16:52,97,111
2023/5/13 16:53,112,50
2023/5/13 16:54,92,68
2023/5/13 16:55,93,61
2023/5/13 16:56,85,29
2023/5/13 17:01,85,109
2023/5/13 17:03,89,21
2023/5/13 17:05,82,56
2023/5/13 17:15,77,54
2023/5/13 17:16,82,81
2023/5/13 17:17,91,49
2023/5/13 17:18,82,14
2023/5/13 17:19,91,15
2023/5/13 17:20,81,47
2023/5/13 17:21,77,14
2023/5/13 17:22,80,46
2023/5/13 17:23,81,92
2023/5/13 17:30,78,44
2023/5/13 17:31,79,46
2023/5/13 17:39,75,15
2023/5/13 17:41,93,20
2023/5/13 17:43,95,19
2023/5/13 17:46,85,26
2023/5/13 17:48,79,29
2023/5/13 17:49,82,76
2023/5/13 17:51,82,23
2023/5/13 17:54,102,53
2023/5/13 17:56,93,25
2023/5/13 17:57,85,61
2023/5/13 18:04,90,50
2023/5/13 18:05,83,26
2023/5/13 18:08,79,13
2023/5/13 18:09,84,110
2023/5/13 18:43,141,111
2023/5/13 18:47,93,35
2023/5/13 18:48,84,71
2023/5/13 18:49,92,2
2023/5/13 18:50,84,11
2023/5/13 18:51,82,44
2023/5/13 19:27,102,64
2023/5/13 19:28,96,26
2023/5/13 19:31,90,21
2023/5/13 19:32,93,18
2023/5/13 19:35,81,11
2023/5/13 19:37,82,13
2023/5/13 19:38,85,14
2023/5/13 19:46,86,79
2023/5/13 19:47,75,14
2023/5/13 19:49,91,28
2023/5/13 19:50,86,40
2023/5/13 19:51,81,36
2023/5/13 19:52,89,90
2023/5/13 19:53,93,36
2023/5/13 19:54,93,125
2023/5/13 19:55,83,123
2023/5/13 19:56,102,127
2023/5/13 19:57,105,121
2023/5/13 19:58,98,127
2023/5/13 19:59,108,125
2023/5/13 20:00,98,115
2023/5/13 20:01,94,111
2023/5/13 20:02,94,125
2023/5/13 20:03,84,125
2023/5/13 20:04,103,122
2023/5/13 20:05,96,121
2023/5/13 20:06,112,53
2023/5/13 20:07,99,117
2023/5/13 20:08,85,86
2023/5/13 20:09,97,117
2023/5/13 20:10,109,127
2023/5/13 20:11,109,121
2023/5/13 20:12,132,44
2023/5/13 20:33,77,34
2023/5/13 20:34,93,126
2023/5/13 20:35,94,125
2023/5/13 20:37,108,126
2023/5/13 20:38,98,126
2023/5/13 20:39,93,126
2023/5/13 20:40,111,126
2023/5/13 20:45,107,115
2023/5/13 20:46,83,12
2023/5/13 20:47,81,69
2023/5/13 20:48,80,32
2023/5/13 20:49,95,43
2023/5/13 20:50,103,27
2023/5/13 20:51,96,38
2023/5/13 20:52,83,1
2023/5/13 21:11,84,43
2023/5/13 21:17,76,10
2023/5/13 21:26,69,11
2023/5/14 10:30,51,15
2023/5/14 11:46,83,43
2023/5/14 11:47,81,14
2023/5/14 11:48,84,10
2023/5/14 11:50,97,106
2023/5/14 11:51,96,65
2023/5/14 11:52,94,123
2023/5/14 11:53,85,124
2023/5/14 11:54,107,123
2023/5/14 11:58,91,121
2023/5/14 12:04,100,113
2023/5/14 12:05,113,114
2023/5/14 12:06,117,112
2023/5/14 12:07,123,126
2023/5/14 12:08,102,126
2023/5/14 12:10,93,100
2023/5/14 12:11,108,117
2023/5/14 12:12,114,126
2023/5/14 12:15,115,74
2023/5/14 12:21,109,100
2023/5/14 12:25,120,124
2023/5/14 12:26,121,125
2023/5/14 12:28,120,127
2023/5/14 12:31,119,125
2023/5/14 12:32,122,125
2023/5/14 12:34,111,97
2023/5/14 12:35,102,90
2023/5/14 12:37,109,66
2023/5/14 12:38,108,34
2023/5/14 12:39,112,99
2023/5/14 12:40,116,103
2023/5/14 12:41,116,111
2023/5/14 12:42,110,111
2023/5/14 12:43,111,120
2023/5/14 12:44,113,127
2023/5/14 12:45,118,124
2023/5/14 12:46,120,123
2023/5/14 12:47,119,123
2023/5/14 12:48,119,120
2023/5/14 12:49,120,121
2023/5/14 12:50,117,122
2023/5/14 12:52,116,127
2023/5/14 12:58,111,103
2023/5/14 12:59,101,86
2023/5/14 13:03,122,126
2023/5/14 13:07,116,127
2023/5/14 13:08,121,125
2023/5/14 13:09,111,109
2023/5/14 13:10,104,48
2023/5/14 13:11,105,88
2023/5/14 13:12,91,43
2023/5/14 13:13,93,14
2023/5/14 13:14,81,36
2023/5/14 13:16,81,57
2023/5/14 13:19,80,40
2023/5/14 13:20,81,28
2023/5/14 13:21,81,56
2023/5/14 13:22,74,15
2023/5/14 13:23,79,83
2023/5/14 13:24,78,30
2023/5/14 13:29,83,52
2023/5/14 13:30,79,63
2023/5/14 13:31,84,10
2023/5/14 13:32,100,62
2023/5/14 13:38,89,19
2023/5/14 13:39,77,18
2023/5/14 14:44,76,56
2023/5/14 14:45,80,60
2023/5/14 15:31,70,29
2023/5/14 15:32,78,59
2023/5/14 15:33,80,27
2023/5/14 15:34,73,64
2023/5/14 15:35,82,22
2023/5/14 16:02,84,14
2023/5/14 16:10,92,21
2023/5/14 16:18,99,50
2023/5/14 17:16,104,65
2023/5/14 17:18,97,30
2023/5/14 18:57,81,53
2023/5/14 18:58,85,124
2023/5/14 18:59,92,123
2023/5/14 19:00,84,120
2023/5/14 19:01,76,25
2023/5/14 19:26,75,57
2023/5/14 19:27,95,123
2023/5/14 19:28,112,126
2023/5/14 19:29,99,122
2023/5/14 19:30,95,125
2023/5/14 19:31,97,127
2023/5/14 19:32,101,126
2023/5/14 19:33,86,116
2023/5/14 19:34,85,69
2023/5/14 19:35,90,116
2023/5/14 19:36,89,116
2023/5/14 19:37,83,115
2023/5/14 19:38,82,55
2023/5/14 19:44,90,99
2023/5/14 19:45,102,119
2023/5/14 19:46,89,37
2023/5/14 19:47,81,23
2023/5/14 19:48,81,3
2023/5/14 19:49,75,27
2023/5/14 19:51,97,121
2023/5/14 19:53,101,35
2023/5/14 19:56,86,38
2023/5/14 19:57,81,49
2023/5/14 19:58,76,92
2023/5/14 19:59,85,105
2023/5/14 20:00,75,46
2023/5/14 20:01,73,45
2023/5/14 20:02,71,3
2023/5/14 20:06,79,19
2023/5/14 20:07,76,49
2023/5/14 20:40,75,30
2023/5/15 7:04,79,27
2023/5/15 7:05,80,16
2023/5/15 7:06,80,61
2023/5/15 7:07,90,114
2023/5/15 7:08,83,120
2023/5/15 7:15,98,118
2023/5/15 7:17,80,63
2023/5/15 7:52,78,23
2023/5/15 7:54,94,125
2023/5/15 7:55,94,108
2023/5/15 7:56,87,13
2023/5/15 7:57,80,52
2023/5/15 7:59,86,38
2023/5/15 10:45,76,88
2023/5/15 10:46,84,14
2023/5/15 11:17,78,15
2023/5/15 11:18,78,100
2023/5/15 11:19,84,71
2023/5/15 11:20,88,22
2023/5/15 11:23,74,20
2023/5/15 11:32,91,42
2023/5/15 11:34,92,93
2023/5/15 11:36,87,100
2023/5/15 11:37,92,69
2023/5/15 11:38,102,127
2023/5/15 11:39,96,125
2023/5/15 11:40,84,118
2023/5/15 11:41,104,116
2023/5/15 11:42,85,122
2023/5/15 11:43,89,117
2023/5/15 11:44,87,124
2023/5/15 11:45,83,122
2023/5/15 11:46,101,120
2023/5/15 11:47,96,126
2023/5/15 11:48,86,32
2023/5/15 11:50,91,46
2023/5/15 11:51,93,119
2023/5/15 11:52,103,110
2023/5/15 11:53,105,105
2023/5/15 11:54,97,109
2023/5/15 11:55,86,106
2023/5/15 11:56,95,113
2023/5/15 11:57,102,104
2023/5/15 11:58,85,99
2023/5/15 11:59,91,102
2023/5/15 12:00,81,87
2023/5/15 12:02,94,88
2023/5/15 12:03,87,70
2023/5/15 13:49,84,27
2023/5/15 13:50,77,23
2023/5/15 13:51,82,61
2023/5/15 13:52,81,48
2023/5/15 13:53,81,10
2023/5/15 13:59,82,38
2023/5/15 14:00,83,14
2023/5/15 16:29,89,14
2023/5/15 16:30,86,19
2023/5/15 16:31,90,55
2023/5/15 16:35,79,15
2023/5/15 17:42,80,77
2023/5/15 17:43,81,50
2023/5/15 17:44,80,55
2023/5/15 17:45,80,42
2023/5/15 17:52,78,27
2023/5/15 17:53,101,40
2023/5/15 17:54,67,17
2023/5/15 18:30,147,58
2023/5/15 18:31,112,16
2023/5/15 18:32,99,11
2023/5/15 18:58,96,113
2023/5/15 19:00,94,90
2023/5/15 19:03,80,37
2023/5/15 19:18,74,10
2023/5/15 19:29,79,124
2023/5/15 19:30,81,113
2023/5/15 19:31,98,122
2023/5/15 19:32,89,118
2023/5/15 19:33,84,126
2023/5/15 19:34,91,124
2023/5/15 19:35,93,125
2023/5/15 19:36,95,123
2023/5/15 19:37,94,126
2023/5/15 19:38,86,126
2023/5/15 19:39,91,125
2023/5/15 19:40,84,125
2023/5/15 19:41,91,112
2023/5/15 19:42,84,41
2023/5/15 19:43,82,63
2023/5/15 19:44,80,27
2023/5/15 19:45,81,23
2023/5/15 19:50,78,14
2023/5/15 19:51,87,35
2023/5/15 19:52,83,21
2023/5/16 7:10,92,111
2023/5/16 7:11,98,122
2023/5/16 7:19,101,77
2023/5/16 7:21,97,10
2023/5/16 7:22,101,1
2023/5/16 8:02,90,16
2023/5/16 8:04,84,57
2023/5/16 8:06,95,125
2023/5/16 8:07,94,115
2023/5/16 8:08,103,97
2023/5/16 8:09,96,34
2023/5/16 8:10,86,26
2023/5/16 8:11,78,84
2023/5/16 8:12,79,53
2023/5/16 8:35,74,10
2023/5/16 8:36,73,9
2023/5/16 8:41,72,44
2023/5/16 8:42,79,46
2023/5/16 8:43,106,54
2023/5/16 9:21,78,73
2023/5/16 9:22,77,55
2023/5/16 9:23,84,28
2023/5/16 17:57,85,42
2023/5/16 17:58,90,15
2023/5/16 18:00,91,74
2023/5/16 18:34,142,39
2023/5/16 18:36,103,91
2023/5/16 18:37,87,55
2023/5/16 18:48,101,10
2023/5/16 18:49,83,78
2023/5/16 18:50,113,54
2023/5/16 18:51,90,40
2023/5/16 18:52,93,35
2023/5/16 18:53,80,6
2023/5/16 18:55,85,74
2023/5/16 18:56,99,114
2023/5/16 18:57,85,55
2023/5/16 18:58,92,114
2023/5/16 18:59,92,119
2023/5/16 19:00,82,119
2023/5/16 19:01,81,27
2023/5/16 19:02,90,36
2023/5/16 19:25,80,46
2023/5/16 19:26,90,124
2023/5/16 19:27,93,120
2023/5/16 19:29,95,122
2023/5/16 19:30,85,126
2023/5/16 19:32,81,123
2023/5/16 19:33,81,124
2023/5/16 19:34,83,127
2023/5/16 19:35,91,127
2023/5/16 19:36,93,61
2023/5/16 19:37,94,81
2023/5/16 19:39,90,116
2023/5/16 19:40,93,16
2023/5/16 19:41,77,10
2023/5/16 19:43,83,16
2023/5/16 19:53,90,15
2023/5/17 2:40,64,14
2023/5/17 7:10,95,75
2023/5/17 7:11,105,110
2023/5/17 7:12,102,124
2023/5/17 7:13,108,124
2023/5/17 7:16,94,127
2023/5/17 7:19,115,23
2023/5/17 7:20,110,19
2023/5/17 7:22,99,16
2023/5/17 7:50,84,11
2023/5/17 7:52,84,33
2023/5/17 7:53,82,77
2023/5/17 7:54,92,108
2023/5/17 7:56,91,86
2023/5/17 7:57,93,67
2023/5/17 7:58,94,44
2023/5/17 11:23,88,24
2023/5/17 11:24,91,32
2023/5/17 11:25,84,53
2023/5/17 11:26,85,80
2023/5/17 11:27,109,124
2023/5/17 11:28,103,125
2023/5/17 11:29,97,123
2023/5/17 11:30,72,126
2023/5/17 11:31,88,124
2023/5/17 11:32,98,124
2023/5/17 11:33,73,122
2023/5/17 11:34,80,121
2023/5/17 11:35,96,125
2023/5/17 11:36,94,123
2023/5/17 11:38,95,121
2023/5/17 11:39,96,17
2023/5/17 11:40,85,15
2023/5/17 11:41,82,113
2023/5/17 11:42,66,110
2023/5/17 11:43,92,111
2023/5/17 11:44,74,114
2023/5/17 11:45,89,49
2023/5/17 11:46,91,104
2023/5/17 11:47,93,126
2023/5/17 11:48,94,127
2023/5/17 11:49,98,126
2023/5/17 11:50,106,126
2023/5/17 11:51,97,127
2023/5/17 11:52,95,127
2023/5/17 11:53,105,127
2023/5/17 11:54,100,127
2023/5/17 11:55,96,78
2023/5/17 11:56,85,78
2023/5/17 11:58,77,26
2023/5/17 11:59,86,39
2023/5/17 12:35,100,60
2023/5/17 12:37,81,24
2023/5/17 12:38,96,34
2023/5/17 12:42,81,77
2023/5/17 12:43,76,60
2023/5/17 12:44,91,80
2023/5/17 12:45,92,20
2023/5/17 13:58,91,58
2023/5/17 13:59,93,33
2023/5/17 14:00,86,32
2023/5/17 14:01,92,29
2023/5/17 14:24,71,43
2023/5/17 14:30,81,28
2023/5/17 14:37,71,49
2023/5/17 17:39,76,40
2023/5/17 17:40,78,34
2023/5/17 17:43,78,10
2023/5/17 17:44,82,42
2023/5/17 17:45,52,22
2023/5/17 17:46,82,85
2023/5/17 17:47,91,112
2023/5/17 17:48,93,19
2023/5/17 17:49,89,67
2023/5/17 17:53,84,86
2023/5/17 17:54,85,82
2023/5/17 17:55,58,10
2023/5/17 17:59,77,63
2023/5/17 18:01,90,92
2023/5/17 18:02,80,83
2023/5/17 18:03,90,46
2023/5/17 18:07,83,87
2023/5/17 18:08,77,24
2023/5/17 18:09,84,57
2023/5/17 18:16,75,32
2023/5/17 18:18,88,12
2023/5/17 18:22,75,16
2023/5/17 18:24,92,59
2023/5/17 18:25,82,63
2023/5/17 18:28,78,34
2023/5/17 18:30,107,113
2023/5/17 19:25,145,127
2023/5/17 19:28,96,29
2023/5/17 19:29,81,13
2023/5/17 19:34,90,11
2023/5/17 19:37,78,13
2023/5/17 19:38,80,48
2023/5/17 19:39,82,23
2023/5/17 19:44,81,43
2023/5/17 19:45,90,68
2023/5/17 19:46,76,68
2023/5/17 19:47,80,22
2023/5/17 22:50,84,54
2023/5/17 23:13,82,45
2023/5/17 23:26,107,79
2023/5/17 23:27,88,95
2023/5/17 23:28,78,31
2023/5/17 23:40,86,63
2023/5/17 23:41,83,21
2023/5/17 23:47,94,49
2023/5/17 23:48,100,55
2023/5/17 23:51,92,33
2023/5/18 0:05,74,22
2023/5/18 0:25,80,15
2023/5/18 0:27,98,53
2023/5/18 0:28,85,3
2023/5/18 1:20,67,12
2023/5/18 1:21,73,20
2023/5/18 2:01,55,11
2023/5/18 2:02,86,1
2023/5/18 6:51,80,64
2023/5/18 6:52,88,12
2023/5/18 6:53,82,38
2023/5/18 6:54,84,15
2023/5/18 7:01,80,72
2023/5/18 7:02,85,64
2023/5/18 7:03,80,55
2023/5/18 7:04,80,23
2023/5/18 11:49,90,13
2023/5/18 11:50,116,29
2023/5/18 16:30,65,15
2023/5/18 20:27,59,43
2023/5/22 23:53,77,17
2023/5/22 23:56,70,11
2023/5/22 23:57,82,14
2023/5/22 23:58,81,15
2023/5/23 0:12,76,13
2023/5/23 7:12,85,37
2023/5/23 7:14,86,99
2023/5/23 7:15,92,126
2023/5/23 7:22,104,127
2023/5/23 7:23,101,38
2023/5/23 7:27,74,22
2023/5/23 7:28,72,37
2023/5/23 7:32,78,21
2023/5/23 7:33,81,26
2023/5/23 7:38,73,10
2023/5/23 7:48,73,11
2023/5/23 7:50,74,26
2023/5/23 7:54,86,99
2023/5/23 7:55,101,126
2023/5/23 8:01,101,127
2023/5/23 8:12,87,70
2023/5/23 8:13,93,71
2023/5/23 8:14,85,81
2023/5/23 8:22,99,95
2023/5/23 8:27,75,14
2023/5/23 8:28,81,105
2023/5/23 8:47,69,24
2023/5/23 8:48,93,18
2023/5/23 8:53,82,10
2023/5/23 8:55,85,34
2023/5/23 8:56,92,111
2023/5/23 8:57,104,23
2023/5/23 8:58,90,19
2023/5/23 9:25,68,45
2023/5/23 9:26,77,76
2023/5/23 10:03,86,115
2023/5/23 10:04,92,25
2023/5/23 10:16,81,48
2023/5/23 10:28,79,44
2023/5/23 10:29,83,55
2023/5/23 10:30,99,66
2023/5/23 10:31,86,23
2023/5/23 10:33,89,43
2023/5/23 10:38,82,22
2023/5/23 10:40,79,14
2023/5/23 10:41,81,70
2023/5/23 10:42,96,81
2023/5/23 10:43,83,62
2023/5/23 10:44,81,69
2023/5/23 10:45,77,23
2023/5/23 10:46,75,17
2023/5/23 10:47,98,71
2023/5/23 10:48,85,52
2023/5/23 11:10,72,37
2023/5/23 11:11,74,47
2023/5/23 11:12,88,38
2023/5/23 11:13,95,104
2023/5/23 11:16,80,46
2023/5/23 11:17,81,31
2023/5/23 11:19,92,46
2023/5/23 11:20,93,25
2023/5/23 11:21,84,68
2023/5/23 11:22,100,15
2023/5/23 11:23,91,66
2023/5/23 11:24,99,127
2023/5/23 11:25,96,125
2023/5/23 11:26,93,78
2023/5/23 11:27,77,23
2023/5/23 11:39,103,74
2023/5/23 11:40,89,47
2023/5/23 11:41,93,29
2023/5/23 11:42,83,77
2023/5/23 11:46,79,44
2023/5/23 11:47,80,96
2023/5/23 11:48,81,11
2023/5/23 11:49,74,62
2023/5/23 11:50,77,53
2023/5/23 11:52,80,88
2023/5/23 11:57,78,109
2023/5/23 11:58,98,101
2023/5/23 11:59,78,109
2023/5/23 12:00,90,104
2023/5/23 12:01,92,106
2023/5/23 12:02,81,110
2023/5/23 12:03,96,119
2023/5/23 12:04,95,59
2023/5/23 12:05,88,74
2023/5/23 12:14,88,60
2023/5/23 12:15,83,54
2023/5/23 12:16,81,61
2023/5/23 12:21,80,16
2023/5/23 18:04,73,10
2023/5/23 18:36,140,32
2023/5/23 18:39,95,19
2023/5/23 18:40,94,27
2023/5/23 18:41,106,54
2023/5/23 18:45,81,22
2023/5/23 18:46,84,61
2023/5/23 18:47,99,52
2023/5/23 18:51,95,15
2023/5/23 18:56,93,40
2023/5/23 18:57,84,119
2023/5/23 18:58,91,124
2023/5/23 18:59,84,122
2023/5/23 19:00,82,86
2023/5/23 19:26,91,106
2023/5/23 19:27,99,119
2023/5/23 19:29,92,110
2023/5/23 19:30,76,127
2023/5/23 19:32,98,126
2023/5/23 19:35,87,125
2023/5/23 19:37,91,29
2023/5/23 19:38,76,105
2023/5/23 19:39,89,28
2023/5/23 19:41,93,16
2023/5/23 19:42,94,12
2023/5/23 19:43,93,38
2023/5/23 19:45,90,32
2023/5/24 7:13,89,56
2023/5/24 7:14,93,122
2023/5/24 7:15,94,127
2023/5/24 7:22,108,78
2023/5/24 7:25,85,10
2023/5/24 7:49,70,11
2023/5/24 7:57,76,16
2023/5/24 7:59,83,104
2023/5/24 8:00,98,27
2023/5/24 8:01,97,115
2023/5/24 8:02,96,117
2023/5/24 8:03,85,62
2023/5/24 8:04,82,76
2023/5/24 8:05,81,57
2023/5/24 8:06,81,19
2023/5/24 8:07,82,15
2023/5/24 8:09,77,27
2023/5/24 8:10,90,74
2023/5/24 8:13,79,63
2023/5/24 8:14,80,59
2023/5/24 8:15,81,43
2023/5/24 8:16,87,41
2023/5/24 8:17,85,11
2023/5/24 8:20,85,93
2023/5/24 9:03,76,62
2023/5/24 9:04,78,16
2023/5/24 9:05,73,58
2023/5/24 9:53,82,68
2023/5/24 9:54,68,61
2023/5/24 9:55,87,18
2023/5/24 10:14,72,19
2023/5/24 12:26,67,52
2023/5/24 12:27,53,17
2023/5/24 12:28,104,75
2023/5/24 12:35,72,12
2023/5/24 13:52,87,67
2023/5/24 14:54,79,86
2023/5/24 15:09,75,35
2023/5/24 15:10,79,32
2023/5/24 16:33,55,11
2023/5/24 17:40,55,42
2023/5/24 17:41,79,58
2023/5/24 17:45,80,23
2023/5/24 17:46,83,63
2023/5/24 17:47,82,51
2023/5/24 17:51,71,37
2023/5/24 17:52,76,39
2023/5/24 17:53,80,60
2023/5/24 17:54,84,13
2023/5/24 18:29,165,88
2023/5/24 18:30,114,10
2023/5/24 18:31,82,10
2023/5/24 18:46,116,40
2023/5/24 18:47,104,37
2023/5/24 18:48,102,14
2023/5/24 18:54,83,23
2023/5/24 18:55,88,13
2023/5/24 18:56,92,49
2023/5/24 18:57,116,84
2023/5/24 18:58,109,111
2023/5/24 18:59,116,126
2023/5/24 19:01,99,19
2023/5/24 19:02,96,11
2023/5/24 19:03,78,17
2023/5/24 19:16,78,16
2023/5/24 19:25,78,14
2023/5/24 19:28,93,117
2023/5/24 19:30,88,121
2023/5/24 19:31,98,124
2023/5/24 19:32,96,126
2023/5/24 19:34,103,126
2023/5/24 19:36,90,127
2023/5/24 19:37,94,125
2023/5/24 19:39,94,44
2023/5/24 19:40,88,18
2023/5/24 22:01,89,41
2023/5/24 23:13,75,12
