serialNo,datetime,heartRate
0,2023/6/5 7:16,93
1,2023/6/5 7:15,91
2,2023/6/5 7:14,73
3,2023/6/5 7:13,83
4,2023/6/5 7:12,95
5,2023/6/5 7:11,85
6,2023/6/5 7:10,81
7,2023/6/5 7:09,83
8,2023/6/5 7:08,80
9,2023/6/5 7:07,81
10,2023/6/5 7:06,80
11,2023/6/5 7:05,80
12,2023/6/5 7:04,79
13,2023/6/5 7:03,85
14,2023/6/5 7:02,75
15,2023/6/5 7:01,98
16,2023/6/5 7:00,93
17,2023/6/5 6:59,82
18,2023/6/5 6:58,
19,2023/6/5 6:57,68
20,2023/6/5 6:56,71
21,2023/6/5 6:55,79
22,2023/6/5 6:54,82
23,2023/6/5 6:53,84
24,2023/6/5 6:52,80
25,2023/6/5 6:51,93
26,2023/6/5 6:50,91
27,2023/6/5 6:49,
28,2023/6/5 6:48,90
29,2023/6/5 6:47,92
30,2023/6/5 5:48,68
31,2023/6/5 5:47,65
32,2023/6/5 5:46,73
33,2023/6/5 5:45,57
34,2023/6/5 5:44,53
35,2023/6/5 5:43,59
36,,58
37,2023/6/5 5:41,51
38,2023/6/5 5:40,55
39,2023/6/5 5:39,59
40,2023/6/5 5:38,58
41,2023/6/5 5:37,53
42,2023/6/5 5:36,50
43,2023/6/5 5:35,63
44,2023/6/5 5:34,51
45,2023/6/5 5:01,71
46,2023/6/5 5:00,55
47,2023/6/5 4:59,53
48,2023/6/5 4:58,51
49,2023/6/5 4:57,
50,2023/6/5 4:56,53
51,2023/6/5 4:55,50
52,2023/6/5 4:54,67
53,2023/6/5 4:53,52
54,2023/6/5 4:52,53
55,2023/6/5 4:51,70
56,2023/6/5 4:50,56
57,2023/6/5 4:49,52
58,2023/6/5 4:48,51
59,2023/6/5 4:47,47
60,2023/6/5 4:10,55
61,2023/6/5 4:09,55
62,2023/6/5 4:08,58
63,2023/6/5 4:07,55
64,2023/6/5 4:06,54
65,2023/6/5 4:05,56
66,2023/6/5 4:04,52
67,2023/6/5 4:03,53
68,2023/6/5 4:02,54
69,2023/6/5 4:01,59
70,2023/6/5 4:00,56
71,2023/6/5 3:59,58
72,2023/6/5 3:58,65
73,2023/6/5 3:57,54
74,2023/6/5 3:56,51
75,2023/6/5 3:55,65
76,2023/6/5 3:54,57
77,2023/6/5 3:53,57
78,2023/6/5 3:52,51
79,2023/6/5 3:51,53
80,2023/6/5 3:50,57
81,2023/6/5 3:49,61
82,2023/6/5 3:48,63
83,2023/6/5 3:47,60
84,2023/6/5 3:46,60
85,2023/6/5 3:45,60
86,2023/6/5 3:44,60
87,2023/6/5 3:43,69
88,2023/6/5 3:42,54
89,2023/6/5 3:41,56
90,2023/6/5 2:20,52
91,2023/6/5 2:19,50
92,2023/6/5 2:18,50
93,2023/6/5 2:17,50
94,2023/6/5 2:16,54
95,2023/6/5 2:15,55
96,2023/6/5 2:14,57
97,2023/6/5 2:13,61
98,2023/6/5 2:12,56
99,2023/6/5 2:11,60
100,2023/6/5 2:10,49
101,2023/6/5 2:09,55
102,2023/6/5 2:08,56
103,2023/6/5 2:07,49
104,2023/6/5 2:06,48
105,2023/6/5 2:05,81
106,2023/6/5 2:04,53
107,2023/6/5 2:03,53
108,2023/6/5 2:02,56
109,2023/6/5 2:01,55
110,2023/6/5 2:00,54
111,2023/6/5 1:59,59
112,2023/6/5 1:58,61
113,2023/6/5 1:57,64
114,2023/6/5 1:56,80
115,2023/6/5 1:55,93
116,2023/6/5 1:54,79
117,2023/6/5 1:53,50
118,2023/6/5 1:52,51
119,2023/6/5 1:51,50
120,2023/6/5 1:17,48
121,2023/6/5 1:16,49
122,2023/6/5 1:15,49
123,2023/6/5 1:14,50
124,2023/6/5 1:13,49
125,2023/6/5 1:12,50
126,2023/6/5 1:11,49
127,2023/6/5 1:10,51
128,2023/6/5 1:09,50
129,2023/6/5 1:08,50
130,2023/6/5 1:07,50
131,2023/6/5 1:06,50
132,2023/6/5 1:05,50
133,2023/6/5 1:04,49
134,2023/6/5 1:03,51
135,2023/6/5 1:02,52
136,2023/6/5 1:01,51
137,2023/6/5 1:00,51
138,2023/6/5 0:59,50
139,2023/6/5 0:58,49
140,2023/6/5 0:57,49
141,2023/6/5 0:56,49
142,2023/6/5 0:55,53
143,2023/6/5 0:54,47
144,2023/6/5 0:53,48
145,2023/6/5 0:52,58
146,2023/6/5 0:51,51
147,2023/6/5 0:50,49
148,2023/6/5 0:49,49
149,2023/6/5 0:48,48
150,2023/6/5 0:47,70
151,2023/6/5 0:46,61
152,2023/6/5 0:45,59
153,2023/6/5 0:44,56
154,2023/6/5 0:43,54
155,2023/6/5 0:42,53
156,2023/6/5 0:41,53
157,2023/6/5 0:40,51
158,2023/6/5 0:39,51
159,2023/6/5 0:38,52
160,2023/6/5 0:37,51
161,2023/6/5 0:36,52
162,2023/6/5 0:35,57
163,2023/6/5 0:34,71
164,2023/6/5 0:33,61
165,2023/6/5 0:32,70
166,2023/6/5 0:31,62
167,2023/6/5 0:30,60
168,2023/6/5 0:29,60
169,2023/6/5 0:28,66
170,2023/6/5 0:27,52
171,2023/6/5 0:26,51
172,2023/6/5 0:25,50
173,2023/6/5 0:24,49
174,2023/6/5 0:23,61
175,2023/6/5 0:22,53
176,2023/6/5 0:21,52
177,2023/6/5 0:20,55
178,2023/6/5 0:19,58
179,2023/6/5 0:18,79
180,2023/6/5 0:00,69
181,2023/6/4 23:59,56
182,2023/6/4 23:58,55
183,2023/6/4 23:57,56
184,2023/6/4 23:56,55
185,2023/6/4 23:55,55
186,2023/6/4 23:54,55
187,2023/6/4 23:53,56
188,2023/6/4 23:52,55
189,2023/6/4 23:51,55
190,2023/6/4 23:50,55
191,2023/6/4 23:49,55
192,2023/6/4 23:48,57
193,2023/6/4 23:47,54
194,2023/6/4 23:46,56
195,2023/6/4 23:31,55
196,2023/6/4 23:30,60
197,2023/6/4 23:29,54
198,2023/6/4 23:28,54
199,2023/6/4 23:27,53
200,2023/6/4 23:26,53
201,2023/6/4 23:25,55
202,2023/6/4 23:24,61
203,2023/6/4 23:23,66
204,2023/6/4 23:22,55
205,2023/6/4 23:21,55
206,2023/6/4 23:20,56
207,2023/6/4 23:19,64
208,2023/6/4 23:18,56
209,2023/6/4 23:17,57
210,2023/6/4 23:16,91
211,2023/6/4 23:15,69
212,2023/6/4 23:14,59
213,2023/6/4 23:13,51
214,2023/6/4 23:12,53
215,2023/6/4 23:11,55
216,2023/6/4 23:10,57
217,2023/6/4 23:09,55
218,2023/6/4 23:08,53
219,2023/6/4 23:07,53
220,2023/6/4 23:06,56
221,2023/6/4 23:05,63
222,2023/6/4 23:04,54
223,2023/6/4 23:03,54
224,2023/6/4 23:02,53
225,2023/6/4 23:00,60
226,2023/6/4 22:59,58
227,2023/6/4 22:58,51
228,2023/6/4 22:57,50
229,2023/6/4 22:56,50
230,2023/6/4 22:55,54
231,2023/6/4 22:54,81
232,2023/6/4 22:53,85
233,2023/6/4 22:52,77
234,2023/6/4 22:51,68
235,2023/6/4 22:50,58
236,2023/6/4 22:49,63
237,2023/6/4 22:48,57
238,2023/6/4 22:47,52
239,2023/6/4 22:46,57
240,2023/6/4 21:30,61
241,2023/6/4 21:29,60
242,2023/6/4 21:28,58
243,2023/6/4 21:27,62
244,2023/6/4 21:26,62
245,2023/6/4 21:25,55
246,2023/6/4 21:24,55
247,2023/6/4 21:23,57
248,2023/6/4 21:22,57
249,2023/6/4 21:21,57
250,2023/6/4 21:20,56
251,2023/6/4 21:19,55
252,2023/6/4 21:18,61
253,2023/6/4 21:17,59
254,2023/6/4 21:16,54
255,2023/6/4 20:29,87
256,2023/6/4 20:28,86
257,2023/6/4 20:27,86
258,2023/6/4 20:26,88
259,2023/6/4 20:25,89
260,2023/6/4 20:24,90
261,2023/6/4 20:23,91
262,2023/6/4 20:22,86
263,2023/6/4 20:21,91
264,2023/6/4 20:20,82
265,2023/6/4 20:19,82
266,2023/6/4 20:18,94
267,2023/6/4 20:17,97
268,2023/6/4 20:16,91
269,2023/6/4 20:15,92
270,2023/6/4 20:14,80
271,2023/6/4 20:13,82
272,2023/6/4 20:12,85
273,2023/6/4 20:11,79
274,2023/6/4 20:10,80
275,2023/6/4 20:09,78
276,2023/6/4 20:08,78
277,2023/6/4 20:07,84
278,2023/6/4 20:06,88
279,2023/6/4 20:05,92
280,2023/6/4 20:04,89
281,2023/6/4 20:03,87
282,2023/6/4 20:02,88
283,2023/6/4 20:01,89
284,2023/6/4 20:00,89
285,2023/6/4 19:59,57
286,2023/6/4 19:58,57
287,2023/6/4 19:57,58
288,2023/6/4 19:56,59
289,2023/6/4 19:55,61
290,2023/6/4 19:54,59
291,2023/6/4 19:53,56
292,2023/6/4 19:52,56
293,2023/6/4 19:51,63
294,2023/6/4 19:50,86
295,2023/6/4 19:49,71
296,2023/6/4 19:48,75
297,2023/6/4 19:47,76
298,2023/6/4 19:46,77
299,2023/6/4 19:45,82
300,2023/6/4 19:22,57
301,2023/6/4 19:21,56
302,2023/6/4 19:20,56
303,2023/6/4 19:19,62
304,2023/6/4 19:18,59
305,2023/6/4 19:17,57
306,2023/6/4 19:16,57
307,2023/6/4 19:15,56
308,2023/6/4 19:14,57
309,2023/6/4 19:13,57
310,2023/6/4 19:12,58
311,2023/6/4 19:11,56
312,2023/6/4 19:10,59
313,2023/6/4 19:09,56
314,2023/6/4 19:08,57
315,2023/6/4 18:58,67
316,2023/6/4 18:57,65
317,2023/6/4 18:56,65
318,2023/6/4 18:55,68
319,2023/6/4 18:54,66
320,2023/6/4 18:53,62
321,2023/6/4 18:52,61
322,2023/6/4 18:51,59
323,2023/6/4 18:50,65
324,2023/6/4 18:49,55
325,2023/6/4 18:48,56
326,2023/6/4 18:47,59
327,2023/6/4 18:46,65
328,2023/6/4 18:45,75
329,2023/6/4 18:44,65
330,2023/6/4 18:43,64
331,2023/6/4 18:42,65
332,2023/6/4 18:41,63
333,2023/6/4 18:40,64
334,2023/6/4 18:39,64
335,2023/6/4 18:38,66
336,2023/6/4 18:37,66
337,2023/6/4 18:36,65
338,2023/6/4 18:35,65
339,2023/6/4 18:34,64
340,2023/6/4 18:33,63
341,2023/6/4 18:32,64
342,2023/6/4 18:31,72
343,2023/6/4 18:30,73
344,2023/6/4 18:29,70
345,2023/6/4 18:28,58
346,2023/6/4 18:27,71
347,2023/6/4 18:26,69
348,2023/6/4 18:25,79
349,2023/6/4 18:24,87
350,2023/6/4 18:23,76
351,2023/6/4 18:22,81
352,2023/6/4 18:21,82
353,2023/6/4 18:20,83
354,2023/6/4 18:19,82
355,2023/6/4 18:18,76
356,2023/6/4 18:17,69
357,2023/6/4 18:16,66
358,2023/6/4 18:15,63
359,2023/6/4 18:14,64
360,2023/6/4 18:09,62
361,2023/6/4 18:08,60
362,2023/6/4 18:07,57
363,2023/6/4 18:06,59
364,2023/6/4 18:05,64
365,2023/6/4 18:04,55
366,2023/6/4 18:03,58
367,2023/6/4 18:02,59
368,2023/6/4 18:01,63
369,2023/6/4 18:00,59
370,2023/6/4 17:59,60
371,2023/6/4 17:58,60
372,2023/6/4 17:57,56
373,2023/6/4 17:56,54
374,2023/6/4 17:55,57
375,2023/6/4 17:54,58
376,2023/6/4 17:53,81
377,2023/6/4 17:52,80
378,2023/6/4 17:51,78
379,2023/6/4 17:50,76
380,2023/6/4 17:49,73
381,2023/6/4 17:48,77
382,2023/6/4 17:47,79
383,2023/6/4 17:46,81
384,2023/6/4 17:45,83
385,2023/6/4 17:44,82
386,2023/6/4 17:43,84
387,2023/6/4 17:42,81
388,2023/6/4 17:41,89
389,2023/6/4 17:40,91
390,2023/6/4 17:39,62
391,2023/6/4 17:38,63
392,2023/6/4 17:37,65
393,2023/6/4 17:36,66
394,2023/6/4 17:35,67
395,2023/6/4 17:34,63
396,2023/6/4 17:33,62
397,2023/6/4 17:32,57
398,2023/6/4 17:31,62
399,2023/6/4 17:30,65
400,2023/6/4 17:29,54
401,2023/6/4 17:28,58
402,2023/6/4 17:27,55
403,2023/6/4 17:26,57
404,2023/6/4 17:25,52
405,2023/6/4 17:17,99
406,2023/6/4 17:16,87
407,2023/6/4 17:15,85
408,2023/6/4 17:14,84
409,2023/6/4 17:13,82
410,2023/6/4 17:12,73
411,2023/6/4 17:11,80
412,2023/6/4 17:10,83
413,2023/6/4 17:09,91
414,2023/6/4 17:08,81
415,2023/6/4 17:07,74
416,2023/6/4 17:06,75
417,2023/6/4 17:05,81
418,2023/6/4 17:04,82
419,2023/6/4 17:03,74
420,2023/6/4 17:02,93
421,2023/6/4 17:01,83
422,2023/6/4 17:00,85
423,2023/6/4 16:59,75
424,2023/6/4 16:58,70
425,2023/6/4 16:57,80
426,2023/6/4 16:56,82
427,2023/6/4 16:55,76
428,2023/6/4 16:54,77
429,2023/6/4 16:53,90
430,2023/6/4 16:52,96
431,2023/6/4 16:51,94
432,2023/6/4 16:50,93
433,2023/6/4 16:49,103
434,2023/6/4 16:48,108
435,2023/6/4 16:47,96
436,2023/6/4 16:46,94
437,2023/6/4 16:45,84
438,2023/6/4 16:44,85
439,2023/6/4 16:43,90
440,2023/6/4 16:42,88
441,2023/6/4 16:41,88
442,2023/6/4 16:40,84
443,2023/6/4 16:39,82
444,2023/6/4 16:38,89
445,2023/6/4 16:37,85
446,2023/6/4 16:36,84
447,2023/6/4 16:35,92
448,2023/6/4 16:34,100
449,2023/6/4 16:33,97
450,2023/6/4 16:32,70
451,2023/6/4 16:31,60
452,2023/6/4 16:30,57
453,2023/6/4 16:29,57
454,2023/6/4 16:28,61
455,2023/6/4 16:27,71
456,2023/6/4 16:26,77
457,2023/6/4 16:25,89
458,2023/6/4 16:24,93
459,2023/6/4 16:23,91
460,2023/6/4 16:22,101
461,2023/6/4 16:21,99
462,2023/6/4 16:20,106
463,2023/6/4 16:19,98
464,2023/6/4 16:18,98
465,2023/6/4 16:17,84
466,2023/6/4 16:16,87
467,2023/6/4 16:15,89
468,2023/6/4 16:14,86
469,2023/6/4 16:13,88
470,2023/6/4 16:12,84
471,2023/6/4 16:11,81
472,2023/6/4 16:10,80
473,2023/6/4 16:09,82
474,2023/6/4 16:08,84
475,2023/6/4 16:07,85
476,2023/6/4 16:06,83
477,2023/6/4 16:05,81
478,2023/6/4 16:04,76
479,2023/6/4 16:03,82
480,2023/6/4 16:02,55
481,2023/6/4 16:01,59
482,2023/6/4 16:00,56
483,2023/6/4 15:59,57
484,2023/6/4 15:58,57
485,2023/6/4 15:57,57
486,2023/6/4 15:56,60
487,2023/6/4 15:55,63
488,2023/6/4 15:54,58
489,2023/6/4 15:53,76
490,2023/6/4 15:52,79
491,2023/6/4 15:51,77
492,2023/6/4 15:50,67
493,2023/6/4 15:49,78
494,2023/6/4 15:48,79
495,2023/6/4 15:33,56
496,2023/6/4 15:32,59
497,2023/6/4 15:31,57
498,2023/6/4 15:30,59
499,2023/6/4 15:29,59
500,2023/6/4 15:28,56
501,2023/6/4 15:27,57
502,2023/6/4 15:26,61
503,2023/6/4 15:25,69
504,2023/6/4 15:24,59
505,2023/6/4 15:23,57
506,2023/6/4 15:22,62
507,2023/6/4 15:21,58
508,2023/6/4 15:20,59
509,2023/6/4 15:19,58
510,2023/6/4 15:18,73
511,2023/6/4 15:17,57
512,2023/6/4 15:16,55
513,2023/6/4 15:15,60
514,2023/6/4 15:14,57
515,2023/6/4 15:13,55
516,2023/6/4 15:12,58
517,2023/6/4 15:11,58
518,2023/6/4 15:10,58
519,2023/6/4 15:09,59
520,2023/6/4 15:08,60
521,2023/6/4 15:07,61
522,2023/6/4 15:06,59
523,2023/6/4 15:05,59
524,2023/6/4 15:04,55
525,2023/6/4 14:33,68
526,2023/6/4 14:32,48
527,2023/6/4 14:31,48
528,2023/6/4 14:30,58
529,2023/6/4 14:29,65
530,2023/6/4 14:28,74
531,2023/6/4 14:27,67
532,2023/6/4 14:26,68
533,2023/6/4 14:25,62
534,2023/6/4 14:24,57
535,2023/6/4 14:23,55
536,2023/6/4 14:22,59
537,2023/6/4 14:21,60
538,2023/6/4 14:20,56
539,2023/6/4 14:19,60
540,2023/6/4 13:32,64
541,2023/6/4 13:31,54
542,2023/6/4 13:30,58
543,2023/6/4 13:29,58
544,2023/6/4 13:28,58
545,2023/6/4 13:27,55
546,2023/6/4 13:26,76
547,2023/6/4 13:25,79
548,2023/6/4 13:24,69
549,2023/6/4 13:23,60
550,2023/6/4 13:22,61
551,2023/6/4 13:21,58
552,2023/6/4 13:20,58
553,2023/6/4 13:19,59
554,2023/6/4 13:18,57
555,2023/6/4 12:48,93
556,2023/6/4 12:47,67
557,2023/6/4 12:46,59
558,2023/6/4 12:45,58
559,2023/6/4 12:44,57
560,2023/6/4 12:43,57
561,2023/6/4 12:42,55
562,2023/6/4 12:41,54
563,2023/6/4 12:40,56
564,2023/6/4 12:39,56
565,2023/6/4 12:38,55
566,2023/6/4 12:37,56
567,2023/6/4 12:36,54
568,2023/6/4 12:35,54
569,2023/6/4 12:34,55
570,2023/6/4 12:28,69
571,2023/6/4 12:27,69
572,2023/6/4 12:26,66
573,2023/6/4 12:25,65
574,2023/6/4 12:24,64
575,2023/6/4 12:23,66
576,2023/6/4 12:22,66
577,2023/6/4 12:21,64
578,2023/6/4 12:20,74
579,2023/6/4 12:19,74
580,2023/6/4 12:18,73
581,2023/6/4 12:17,56
582,2023/6/4 12:16,58
583,2023/6/4 12:15,64
584,2023/6/4 12:14,64
585,2023/6/4 12:13,102
586,2023/6/4 12:12,107
587,2023/6/4 12:11,94
588,2023/6/4 12:10,81
589,2023/6/4 12:09,74
590,2023/6/4 12:08,75
591,2023/6/4 12:07,73
592,2023/6/4 12:06,74
593,2023/6/4 12:05,72
594,2023/6/4 12:04,73
595,2023/6/4 12:03,77
596,2023/6/4 12:02,71
597,2023/6/4 12:01,70
598,2023/6/4 12:00,79
599,2023/6/4 11:59,84
600,2023/6/4 11:58,64
601,2023/6/4 11:57,62
602,2023/6/4 11:56,61
603,2023/6/4 11:55,62
604,2023/6/4 11:54,58
605,2023/6/4 11:53,62
606,2023/6/4 11:52,62
607,2023/6/4 11:51,55
608,2023/6/4 11:50,82
609,2023/6/4 11:49,103
610,2023/6/4 11:48,98
611,2023/6/4 11:47,94
612,2023/6/4 11:46,93
613,2023/6/4 11:45,96
614,2023/6/4 11:44,102
615,2023/6/4 11:43,65
616,2023/6/4 11:42,66
617,2023/6/4 11:41,70
618,2023/6/4 11:40,73
619,2023/6/4 11:39,81
620,2023/6/4 11:38,74
621,2023/6/4 11:37,72
622,2023/6/4 11:36,84
623,2023/6/4 11:35,80
624,2023/6/4 11:34,71
625,2023/6/4 11:33,65
626,2023/6/4 11:32,69
627,2023/6/4 11:31,81
628,2023/6/4 11:30,70
629,2023/6/4 11:29,67
630,2023/6/4 11:28,63
631,2023/6/4 11:27,67
632,2023/6/4 11:26,70
633,2023/6/4 11:25,77
634,2023/6/4 11:24,72
635,2023/6/4 11:23,62
636,2023/6/4 11:22,65
637,2023/6/4 11:21,76
638,2023/6/4 11:20,84
639,2023/6/4 11:19,85
640,2023/6/4 11:18,78
641,2023/6/4 11:17,72
642,2023/6/4 11:16,65
643,2023/6/4 11:15,75
644,2023/6/4 11:14,72
645,2023/6/4 11:13,67
646,2023/6/4 11:12,62
647,2023/6/4 11:11,63
648,2023/6/4 11:10,63
649,2023/6/4 11:09,63
650,2023/6/4 11:08,60
651,2023/6/4 11:07,61
652,2023/6/4 11:06,62
653,2023/6/4 11:05,61
654,2023/6/4 11:04,66
655,2023/6/4 11:03,61
656,2023/6/4 11:02,62
657,2023/6/4 11:01,60
658,2023/6/4 11:00,59
659,2023/6/4 10:59,67
660,2023/6/4 10:48,79
661,2023/6/4 10:47,87
662,2023/6/4 10:46,81
663,2023/6/4 10:45,69
664,2023/6/4 10:44,62
665,2023/6/4 10:43,63
666,2023/6/4 10:42,76
667,2023/6/4 10:41,74
668,2023/6/4 10:40,72
669,2023/6/4 10:39,67
670,2023/6/4 10:38,69
671,2023/6/4 10:37,64
672,2023/6/4 10:36,63
673,2023/6/4 10:35,69
674,2023/6/4 10:34,74
675,2023/6/4 10:33,70
676,2023/6/4 10:32,75
677,2023/6/4 10:31,76
678,2023/6/4 10:30,72
679,2023/6/4 10:29,65
680,2023/6/4 10:28,58
681,2023/6/4 10:27,60
682,2023/6/4 10:26,65
683,2023/6/4 10:25,59
684,2023/6/4 10:24,59
685,2023/6/4 10:23,65
686,2023/6/4 10:22,57
687,2023/6/4 10:21,62
688,2023/6/4 10:20,55
689,2023/6/4 10:19,57
690,2023/6/4 10:18,77
691,2023/6/4 10:17,80
692,2023/6/4 10:16,76
693,2023/6/4 10:15,70
694,2023/6/4 10:14,70
695,2023/6/4 10:13,79
696,2023/6/4 10:12,75
697,2023/6/4 10:11,78
698,2023/6/4 10:10,73
699,2023/6/4 10:09,63
700,2023/6/4 10:08,65
701,2023/6/4 10:07,74
702,2023/6/4 10:06,73
703,2023/6/4 10:05,72
704,2023/6/4 10:04,68
705,2023/6/4 10:03,90
706,2023/6/4 10:02,104
707,2023/6/4 10:01,121
708,2023/6/4 10:00,155
709,2023/6/4 9:59,132
710,2023/6/4 9:58,127
711,2023/6/4 9:57,117
712,2023/6/4 9:56,95
713,2023/6/4 9:55,84
714,2023/6/4 9:54,75
715,2023/6/4 9:53,79
716,2023/6/4 9:52,83
717,2023/6/4 9:51,83
718,2023/6/4 9:50,87
719,2023/6/4 9:49,83
720,2023/6/4 9:48,76
721,2023/6/4 9:47,74
722,2023/6/4 9:46,77
723,2023/6/4 9:45,78
724,2023/6/4 9:44,80
725,2023/6/4 9:43,80
726,2023/6/4 9:42,76
727,2023/6/4 9:41,76
728,2023/6/4 9:40,72
729,2023/6/4 9:39,86
730,2023/6/4 9:38,93
731,2023/6/4 9:37,111
732,2023/6/4 9:36,103
733,2023/6/4 9:35,96
734,2023/6/4 9:34,96
735,2023/6/4 9:33,104
736,2023/6/4 9:32,101
737,2023/6/4 9:31,103
738,2023/6/4 9:30,88
739,2023/6/4 9:29,76
740,2023/6/4 9:28,78
741,2023/6/4 9:27,80
742,2023/6/4 9:26,77
743,2023/6/4 9:25,76
744,2023/6/4 9:24,76
745,2023/6/4 9:23,77
746,2023/6/4 9:22,87
747,2023/6/4 9:21,81
748,2023/6/4 9:20,76
749,2023/6/4 9:19,77
750,2023/6/4 9:18,85
751,2023/6/4 9:17,88
752,2023/6/4 9:16,92
753,2023/6/4 9:15,96
754,2023/6/4 9:14,98
755,2023/6/4 9:13,96
756,2023/6/4 9:12,98
757,2023/6/4 9:11,104
758,2023/6/4 9:10,102
759,2023/6/4 9:09,106
760,2023/6/4 9:08,105
761,2023/6/4 9:07,104
762,2023/6/4 9:06,104
763,2023/6/4 9:05,105
764,2023/6/4 9:04,103
765,2023/6/4 8:44,101
766,2023/6/4 8:43,100
767,2023/6/4 8:42,102
768,2023/6/4 8:41,100
769,2023/6/4 8:40,100
770,2023/6/4 8:39,99
771,2023/6/4 8:38,101
772,2023/6/4 8:37,103
773,2023/6/4 8:36,103
774,2023/6/4 8:35,93
775,2023/6/4 8:34,85
776,2023/6/4 8:33,88
777,2023/6/4 8:32,85
778,2023/6/4 8:31,86
779,2023/6/4 8:30,84
780,2023/6/4 8:29,76
781,2023/6/4 8:28,79
782,2023/6/4 8:27,74
783,2023/6/4 8:26,73
784,2023/6/4 8:25,73
785,2023/6/4 8:24,75
786,2023/6/4 8:23,83
787,2023/6/4 8:22,88
788,2023/6/4 8:21,90
789,2023/6/4 8:20,97
790,2023/6/4 8:19,98
791,2023/6/4 8:18,101
792,2023/6/4 8:17,102
793,2023/6/4 8:16,102
794,2023/6/4 8:15,101
795,2023/6/4 8:14,100
796,2023/6/4 8:13,81
797,2023/6/4 8:12,86
798,2023/6/4 8:11,79
799,2023/6/4 8:10,78
800,2023/6/4 8:09,81
801,2023/6/4 8:08,81
802,2023/6/4 8:07,82
803,2023/6/4 8:06,83
804,2023/6/4 8:05,81
805,2023/6/4 8:04,80
806,2023/6/4 8:03,79
807,2023/6/4 8:02,78
808,2023/6/4 8:01,76
809,2023/6/4 8:00,76
810,2023/6/4 7:59,85
811,2023/6/4 7:58,89
812,2023/6/4 7:57,86
813,2023/6/4 7:56,87
814,2023/6/4 7:55,77
815,2023/6/4 7:54,85
816,2023/6/4 7:53,86
817,2023/6/4 7:52,91
818,2023/6/4 7:51,87
819,2023/6/4 7:50,91
820,2023/6/4 7:49,103
821,2023/6/4 7:48,100
822,2023/6/4 7:47,103
823,2023/6/4 7:46,100
824,2023/6/4 7:45,97
825,2023/6/4 7:20,60
826,2023/6/4 7:19,70
827,2023/6/4 7:18,58
828,2023/6/4 7:17,55
829,2023/6/4 7:16,57
830,2023/6/4 7:15,59
831,2023/6/4 7:14,77
832,2023/6/4 7:13,79
833,2023/6/4 7:12,64
834,2023/6/4 7:11,69
835,2023/6/4 7:10,68
836,2023/6/4 7:09,66
837,2023/6/4 7:08,68
838,2023/6/4 7:07,82
839,2023/6/4 7:06,87
840,2023/6/4 7:00,59
841,2023/6/4 6:59,73
842,2023/6/4 6:58,80
843,2023/6/4 6:57,86
844,2023/6/4 6:56,90
845,2023/6/4 6:55,77
846,2023/6/4 6:54,57
847,2023/6/4 6:53,57
848,2023/6/4 6:52,55
849,2023/6/4 6:51,55
850,2023/6/4 6:50,58
851,2023/6/4 6:49,57
852,2023/6/4 6:48,54
853,2023/6/4 6:47,56
854,2023/6/4 6:46,59
855,2023/6/4 6:45,61
856,2023/6/4 6:44,81
857,2023/6/4 6:43,90
858,2023/6/4 6:42,93
859,2023/6/4 6:41,63
860,2023/6/4 6:40,57
861,2023/6/4 6:39,63
862,2023/6/4 6:38,68
863,2023/6/4 6:37,60
864,2023/6/4 6:36,57
865,2023/6/4 6:35,59
866,2023/6/4 6:34,57
867,2023/6/4 6:33,63
868,2023/6/4 6:32,64
869,2023/6/4 6:31,59
870,2023/6/4 6:30,81
871,2023/6/4 6:29,71
872,2023/6/4 6:28,57
873,2023/6/4 6:27,58
874,2023/6/4 6:26,70
875,2023/6/4 6:25,87
876,2023/6/4 6:24,81
877,2023/6/4 6:23,76
878,2023/6/4 6:22,80
879,2023/6/4 6:21,82
880,2023/6/4 6:20,78
881,2023/6/4 6:19,70
882,2023/6/4 6:18,77
883,2023/6/4 6:17,84
884,2023/6/4 6:16,68
885,2023/6/4 5:58,54
886,2023/6/4 5:57,55
887,2023/6/4 5:56,55
888,2023/6/4 5:55,57
889,2023/6/4 5:54,74
890,2023/6/4 5:53,56
891,2023/6/4 5:52,65
892,2023/6/4 5:51,57
893,2023/6/4 5:50,67
894,2023/6/4 5:49,63
895,2023/6/4 5:48,56
896,2023/6/4 5:47,56
897,2023/6/4 5:46,65
898,2023/6/4 5:45,67
899,2023/6/4 5:44,57
900,2023/6/4 5:31,74
901,2023/6/4 5:30,57
902,2023/6/4 5:29,54
903,2023/6/4 5:28,59
904,2023/6/4 5:27,53
905,2023/6/4 5:26,53
906,2023/6/4 5:25,51
907,2023/6/4 5:24,54
908,2023/6/4 5:23,53
909,2023/6/4 5:22,51
910,2023/6/4 5:21,53
911,2023/6/4 5:20,55
912,2023/6/4 5:19,53
913,2023/6/4 5:18,55
914,2023/6/4 5:17,55
915,2023/6/4 4:55,75
916,2023/6/4 4:54,56
917,2023/6/4 4:53,54
918,2023/6/4 4:52,53
919,2023/6/4 4:51,62
920,2023/6/4 4:50,54
921,2023/6/4 4:49,53
922,2023/6/4 4:48,52
923,2023/6/4 4:47,52
924,2023/6/4 4:46,64
925,2023/6/4 4:45,52
926,2023/6/4 4:44,54
927,2023/6/4 4:43,50
928,2023/6/4 4:42,52
929,2023/6/4 4:41,53
930,2023/6/4 4:00,80
931,2023/6/4 3:59,52
932,2023/6/4 3:58,60
933,2023/6/4 3:57,52
934,2023/6/4 3:56,57
935,2023/6/4 3:55,52
936,2023/6/4 3:54,51
937,2023/6/4 3:53,72
938,2023/6/4 3:52,63
939,2023/6/4 3:51,51
940,2023/6/4 3:50,50
941,2023/6/4 3:49,55
942,2023/6/4 3:48,53
943,2023/6/4 3:47,64
944,2023/6/4 3:46,51
945,2023/6/4 2:16,59
946,2023/6/4 2:15,56
947,2023/6/4 2:14,56
948,2023/6/4 2:13,56
949,2023/6/4 2:12,56
950,2023/6/4 2:11,56
951,2023/6/4 2:10,58
952,2023/6/4 2:09,57
953,2023/6/4 2:08,58
954,2023/6/4 2:07,56
955,2023/6/4 2:06,55
956,2023/6/4 2:05,66
957,2023/6/4 2:04,56
958,2023/6/4 2:03,58
959,2023/6/4 2:02,57
960,2023/6/4 1:56,61
961,2023/6/4 1:55,53
962,2023/6/4 1:54,53
963,2023/6/4 1:53,55
964,2023/6/4 1:52,65
965,2023/6/4 1:51,58
966,2023/6/4 1:50,55
967,2023/6/4 1:49,57
968,2023/6/4 1:48,57
969,2023/6/4 1:47,55
970,2023/6/4 1:46,55
971,2023/6/4 1:45,55
972,2023/6/4 1:44,56
973,2023/6/4 1:43,56
974,2023/6/4 1:42,56
975,2023/6/4 1:41,53
976,2023/6/4 1:40,51
977,2023/6/4 1:39,51
978,2023/6/4 1:38,51
979,2023/6/4 1:37,49
980,2023/6/4 1:36,50
981,2023/6/4 1:35,51
982,2023/6/4 1:34,51
983,2023/6/4 1:33,50
984,2023/6/4 1:32,50
985,2023/6/4 1:31,51
986,2023/6/4 1:30,51
987,2023/6/4 1:29,51
988,2023/6/4 1:28,54
989,2023/6/4 1:27,66
990,2023/6/4 1:17,59
991,2023/6/4 1:16,54
992,2023/6/4 1:15,54
993,2023/6/4 1:14,52
994,2023/6/4 1:13,51
995,2023/6/4 1:12,52
996,2023/6/4 1:11,53
997,2023/6/4 1:10,53
998,2023/6/4 1:09,52
999,2023/6/4 1:08,52
1000,2023/6/4 1:07,77
1001,2023/6/4 1:06,61
1002,2023/6/4 1:05,58
1003,2023/6/4 1:04,63
1004,2023/6/4 1:03,55
1005,2023/6/4 0:50,60
1006,2023/6/4 0:49,58
1007,2023/6/4 0:48,56
1008,2023/6/4 0:47,57
1009,2023/6/4 0:46,55
1010,2023/6/4 0:45,55
1011,2023/6/4 0:44,55
1012,2023/6/4 0:43,54
1013,2023/6/4 0:42,55
1014,2023/6/4 0:41,55
1015,2023/6/4 0:40,54
1016,2023/6/4 0:39,54
1017,2023/6/4 0:38,53
1018,2023/6/4 0:37,54
1019,2023/6/4 0:36,54
1020,2023/6/4 0:35,67
1021,2023/6/4 0:34,59
1022,2023/6/4 0:33,60
1023,2023/6/4 0:32,57
1024,2023/6/4 0:31,59
1025,2023/6/4 0:30,59
1026,2023/6/4 0:29,58
1027,2023/6/4 0:28,58
1028,2023/6/4 0:27,58
1029,2023/6/4 0:26,59
1030,2023/6/4 0:25,59
1031,2023/6/4 0:24,56
1032,2023/6/4 0:23,57
1033,2023/6/4 0:22,67
1034,2023/6/4 0:21,61
1035,2023/6/3 23:46,73
1036,2023/6/3 23:45,60
1037,2023/6/3 23:44,55
1038,2023/6/3 23:43,59
1039,2023/6/3 23:42,54
1040,2023/6/3 23:41,57
1041,2023/6/3 23:40,56
1042,2023/6/3 23:39,58
1043,2023/6/3 23:38,77
1044,2023/6/3 23:37,72
1045,2023/6/3 23:36,64
1046,2023/6/3 23:35,66
1047,2023/6/3 23:34,59
1048,2023/6/3 23:33,59
1050,2023/6/3 23:26,57
1051,2023/6/3 23:25,59
1052,2023/6/3 23:24,57
1053,2023/6/3 23:23,58
1054,2023/6/3 23:22,58
1055,2023/6/3 23:21,58
1056,2023/6/3 23:20,57
1057,2023/6/3 23:19,58
1058,2023/6/3 23:18,56
1059,2023/6/3 23:17,58
1060,2023/6/3 23:16,57
1061,2023/6/3 23:15,59
1062,2023/6/3 23:14,59
1063,2023/6/3 23:13,58
1064,2023/6/3 23:12,58
1065,2023/6/3 23:11,69
1066,2023/6/3 23:10,76
1067,2023/6/3 23:09,69
1068,2023/6/3 23:08,63
1069,2023/6/3 23:07,66
1070,2023/6/3 23:06,62
1071,2023/6/3 23:05,66
1072,2023/6/3 23:04,65
1073,2023/6/3 23:03,60
1074,2023/6/3 23:02,59
1075,2023/6/3 23:01,60
1076,2023/6/3 23:00,60
1077,2023/6/3 22:59,61
1078,2023/6/3 22:58,60
1079,2023/6/3 22:57,59
1080,2023/6/3 22:56,71
1081,2023/6/3 22:55,59
1082,2023/6/3 22:54,60
1083,2023/6/3 22:53,58
1084,2023/6/3 22:52,62
1085,2023/6/3 22:51,58
1086,2023/6/3 22:50,60
1087,2023/6/3 22:49,57
1088,2023/6/3 22:48,57
1089,2023/6/3 22:47,57
1090,2023/6/3 22:46,58
1091,2023/6/3 22:45,60
1092,2023/6/3 22:44,60
1093,2023/6/3 22:43,58
1094,2023/6/3 22:42,56
1095,2023/6/3 22:13,62
1096,2023/6/3 22:12,61
1097,2023/6/3 22:11,66
1098,2023/6/3 22:10,66
1099,2023/6/3 22:09,66
1100,2023/6/3 22:08,60
1101,2023/6/3 22:07,62
1102,2023/6/3 22:06,64
1103,2023/6/3 22:05,74
1104,2023/6/3 22:04,74
1105,2023/6/3 22:03,68
1106,2023/6/3 22:02,75
1107,2023/6/3 22:01,64
1108,2023/6/3 22:00,67
1109,2023/6/3 21:59,63
1110,2023/6/3 21:35,74
1111,2023/6/3 21:34,89
1112,2023/6/3 21:33,85
1113,2023/6/3 21:32,86
1114,2023/6/3 21:31,83
1115,2023/6/3 21:30,82
1116,2023/6/3 21:29,87
1117,2023/6/3 21:28,89
1118,2023/6/3 21:27,88
1119,2023/6/3 21:26,89
1120,2023/6/3 21:25,90
1121,2023/6/3 21:24,94
1122,2023/6/3 21:23,91
1123,2023/6/3 21:22,89
1124,2023/6/3 21:21,100
1125,2023/6/3 21:20,80
1126,2023/6/3 21:19,85
1127,2023/6/3 21:18,90
1128,2023/6/3 21:17,83
1129,2023/6/3 21:16,86
1130,2023/6/3 21:15,84
1131,2023/6/3 21:14,80
1132,2023/6/3 21:13,83
1133,2023/6/3 21:12,78
1134,2023/6/3 21:11,79
1135,2023/6/3 21:10,77
1136,2023/6/3 21:09,80
1137,2023/6/3 21:08,86
1138,2023/6/3 21:07,86
1139,2023/6/3 21:06,73
1140,2023/6/3 21:05,58
1141,2023/6/3 21:04,73
1142,2023/6/3 21:03,78
1143,2023/6/3 21:02,85
1144,2023/6/3 21:01,79
1145,2023/6/3 21:00,77
1146,2023/6/3 20:59,78
1147,2023/6/3 20:58,80
1148,2023/6/3 20:57,79
1149,2023/6/3 20:56,86
1150,2023/6/3 20:55,87
1151,2023/6/3 20:54,92
1152,2023/6/3 20:53,97
1153,2023/6/3 20:52,91
1154,2023/6/3 20:51,83
1155,2023/6/3 20:24,67
1156,2023/6/3 20:23,67
1157,2023/6/3 20:22,66
1158,2023/6/3 20:21,67
1159,2023/6/3 20:20,65
1160,2023/6/3 20:19,66
1161,2023/6/3 20:18,68
1162,2023/6/3 20:17,66
1163,2023/6/3 20:16,66
1164,2023/6/3 20:15,66
1165,2023/6/3 20:14,67
1166,2023/6/3 20:13,66
1167,2023/6/3 20:12,67
1168,2023/6/3 20:11,73
1169,2023/6/3 20:10,66
1170,2023/6/3 20:09,56
1171,2023/6/3 20:08,58
1172,2023/6/3 20:07,60
1173,2023/6/3 20:06,58
1174,2023/6/3 20:05,57
1175,2023/6/3 20:04,60
1176,2023/6/3 20:03,57
1177,2023/6/3 20:02,61
1178,2023/6/3 20:01,56
1179,2023/6/3 20:00,61
1180,2023/6/3 19:59,57
1181,2023/6/3 19:58,63
1182,2023/6/3 19:57,69
1183,2023/6/3 19:56,67
1184,2023/6/3 19:55,69
1185,2023/6/3 19:54,66
1186,2023/6/3 19:53,60
1187,2023/6/3 19:52,57
1188,2023/6/3 19:51,58
1189,2023/6/3 19:50,59
1190,2023/6/3 19:49,61
1191,2023/6/3 19:48,59
1192,2023/6/3 19:47,57
1193,2023/6/3 19:46,58
1194,2023/6/3 19:45,61
1195,2023/6/3 19:44,64
1196,2023/6/3 19:43,56
1197,2023/6/3 19:42,56
1198,2023/6/3 19:41,58
1199,2023/6/3 19:40,59
1200,2023/6/3 19:28,66
1201,2023/6/3 19:27,67
1202,2023/6/3 19:26,64
1203,2023/6/3 19:25,64
1204,2023/6/3 19:24,63
1205,2023/6/3 19:23,65
1206,2023/6/3 19:22,65
1207,2023/6/3 19:21,65
1208,2023/6/3 19:20,65
1209,2023/6/3 19:19,65
1210,2023/6/3 19:18,64
1211,2023/6/3 19:17,78
1212,2023/6/3 19:16,79
1213,2023/6/3 19:15,67
1214,2023/6/3 19:14,60
1215,2023/6/3 19:07,68
1216,2023/6/3 19:06,64
1217,2023/6/3 19:05,64
1218,2023/6/3 19:04,65
1219,2023/6/3 19:03,66
1220,2023/6/3 19:02,66
1221,2023/6/3 19:01,64
1222,2023/6/3 19:00,64
1223,2023/6/3 18:59,65
1224,2023/6/3 18:58,66
1225,2023/6/3 18:57,64
1226,2023/6/3 18:56,65
1227,2023/6/3 18:55,63
1228,2023/6/3 18:54,64
1229,2023/6/3 18:53,63
1230,2023/6/3 18:52,71
1231,2023/6/3 18:51,71
1232,2023/6/3 18:50,74
1233,2023/6/3 18:49,81
1234,2023/6/3 18:48,71
1235,2023/6/3 18:47,73
1236,2023/6/3 18:46,74
1237,2023/6/3 18:45,78
1238,2023/6/3 18:44,72
1239,2023/6/3 18:43,73
1240,2023/6/3 18:42,92
1241,2023/6/3 18:41,85
1242,2023/6/3 18:40,74
1243,2023/6/3 18:39,73
1244,2023/6/3 18:38,92
1245,2023/6/3 18:24,82
1246,2023/6/3 18:23,82
1247,2023/6/3 18:22,86
1248,2023/6/3 18:21,84
1249,2023/6/3 18:20,81
1250,2023/6/3 18:19,76
1251,2023/6/3 18:18,75
1252,2023/6/3 18:17,78
1253,2023/6/3 18:16,87
1254,2023/6/3 18:15,73
1255,2023/6/3 18:14,70
1256,2023/6/3 18:13,77
1257,2023/6/3 18:12,79
1258,2023/6/3 18:11,79
1259,2023/6/3 18:10,91
1260,2023/6/3 18:09,61
1261,2023/6/3 18:08,59
1262,2023/6/3 18:07,61
1263,2023/6/3 18:06,62
1264,2023/6/3 18:05,63
1265,2023/6/3 18:04,72
1266,2023/6/3 18:03,82
1267,2023/6/3 18:02,70
1268,2023/6/3 18:01,75
1269,2023/6/3 18:00,81
1270,2023/6/3 17:59,78
1271,2023/6/3 17:58,77
1272,2023/6/3 17:57,79
1273,2023/6/3 17:56,79
1274,2023/6/3 17:55,80
1275,2023/6/3 17:54,77
1276,2023/6/3 17:53,74
1277,2023/6/3 17:52,82
1278,2023/6/3 17:51,67
1279,2023/6/3 17:50,78
1280,2023/6/3 17:49,83
1281,2023/6/3 17:48,76
1282,2023/6/3 17:47,81
1283,2023/6/3 17:46,71
1284,2023/6/3 17:45,79
1285,2023/6/3 17:44,86
1286,2023/6/3 17:43,96
1287,2023/6/3 17:42,89
1288,2023/6/3 17:41,68
1289,2023/6/3 17:40,62
1290,2023/6/3 17:39,82
1291,2023/6/3 17:38,76
1292,2023/6/3 17:37,71
1293,2023/6/3 17:36,76
1294,2023/6/3 17:35,80
1295,2023/6/3 17:34,81
1296,2023/6/3 17:33,82
1297,2023/6/3 17:32,79
1298,2023/6/3 17:31,76
1299,2023/6/3 17:30,84
1300,2023/6/3 17:29,83
1301,2023/6/3 17:28,84
1302,2023/6/3 17:27,93
1303,2023/6/3 17:26,96
1304,2023/6/3 17:25,88
1305,2023/6/3 17:24,71
1306,2023/6/3 17:23,68
1307,2023/6/3 17:22,71
1308,2023/6/3 17:21,74
1309,2023/6/3 17:20,70
1310,2023/6/3 17:19,70
1311,2023/6/3 17:18,73
1312,2023/6/3 17:17,85
1313,2023/6/3 17:16,83
1314,2023/6/3 17:15,91
1315,2023/6/3 17:14,92
1316,2023/6/3 17:13,96
1317,2023/6/3 17:12,93
1318,2023/6/3 17:11,91
1319,2023/6/3 17:10,86
1320,2023/6/3 17:09,102
1321,2023/6/3 17:08,102
1322,2023/6/3 17:07,87
1323,2023/6/3 17:06,79
1324,2023/6/3 17:05,83
1325,2023/6/3 17:04,86
1326,2023/6/3 17:03,82
1327,2023/6/3 17:02,86
1328,2023/6/3 17:01,84
1329,2023/6/3 17:00,78
1330,2023/6/3 16:59,78
1331,2023/6/3 16:58,79
1332,2023/6/3 16:57,80
1333,2023/6/3 16:56,82
1334,2023/6/3 16:55,79
1335,2023/6/3 16:54,91
1336,2023/6/3 16:53,99
1337,2023/6/3 16:52,102
1338,2023/6/3 16:51,102
1339,2023/6/3 16:50,104
1340,2023/6/3 16:49,97
1341,2023/6/3 16:48,97
1342,2023/6/3 16:47,91
1343,2023/6/3 16:46,96
1344,2023/6/3 16:45,88
1345,2023/6/3 16:44,93
1346,2023/6/3 16:43,97
1347,2023/6/3 16:42,85
1348,2023/6/3 16:41,93
1349,2023/6/3 16:40,93
1350,2023/6/3 16:39,90
1351,2023/6/3 16:38,84
1352,2023/6/3 16:37,92
1353,2023/6/3 16:36,93
1354,2023/6/3 16:35,85
1355,2023/6/3 16:34,89
1356,2023/6/3 16:33,90
1357,2023/6/3 16:32,82
1358,2023/6/3 16:31,83
1359,2023/6/3 16:30,77
1360,2023/6/3 16:29,74
1361,2023/6/3 16:28,75
1362,2023/6/3 16:27,78
1363,2023/6/3 16:26,86
1364,2023/6/3 16:25,94
1365,2023/6/3 16:24,91
1366,2023/6/3 16:23,92
1367,2023/6/3 16:22,94
1368,2023/6/3 16:21,89
1369,2023/6/3 16:20,88
1370,2023/6/3 16:19,91
1371,2023/6/3 16:18,94
1372,2023/6/3 16:17,94
1373,2023/6/3 16:16,84
1374,2023/6/3 16:15,82
1375,2023/6/3 16:14,82
1376,2023/6/3 16:13,82
1377,2023/6/3 16:12,91
1378,2023/6/3 16:11,94
1379,2023/6/3 16:10,84
1380,2023/6/3 16:09,86
1381,2023/6/3 16:08,70
1382,2023/6/3 16:07,73
1383,2023/6/3 16:06,73
1384,2023/6/3 16:05,81
1385,2023/6/3 16:04,89
1386,2023/6/3 16:03,87
1387,2023/6/3 16:02,95
1388,2023/6/3 16:01,99
1389,2023/6/3 16:00,97
1390,2023/6/3 15:59,96
1391,2023/6/3 15:58,92
1392,2023/6/3 15:57,96
1393,2023/6/3 15:56,96
1394,2023/6/3 15:55,96
1395,2023/6/3 15:54,69
1396,2023/6/3 15:53,63
1397,2023/6/3 15:52,64
1398,2023/6/3 15:51,65
1399,2023/6/3 15:50,63
1400,2023/6/3 15:49,63
1401,2023/6/3 15:48,77
1402,2023/6/3 15:47,60
1403,2023/6/3 15:46,83
1404,2023/6/3 15:45,91
1405,2023/6/3 15:44,95
1406,2023/6/3 15:43,87
1407,2023/6/3 15:42,81
1408,2023/6/3 15:41,92
1409,2023/6/3 15:40,95
1410,2023/6/3 14:50,72
1411,2023/6/3 14:49,66
1412,2023/6/3 14:48,67
1413,2023/6/3 14:47,66
1414,2023/6/3 14:46,69
1415,2023/6/3 14:45,69
1416,2023/6/3 14:44,69
1417,2023/6/3 14:43,68
1418,2023/6/3 14:42,69
1419,2023/6/3 14:41,70
1420,2023/6/3 14:40,68
1421,2023/6/3 14:39,70
1422,2023/6/3 14:38,69
1423,2023/6/3 14:37,66
1424,2023/6/3 14:36,68
1425,2023/6/3 14:35,78
1426,2023/6/3 14:34,76
1427,2023/6/3 14:33,78
1428,2023/6/3 14:32,71
1429,2023/6/3 14:31,71
1430,2023/6/3 14:30,70
1431,2023/6/3 14:29,70
1432,2023/6/3 14:28,82
1433,2023/6/3 14:27,94
1434,2023/6/3 14:26,75
1435,2023/6/3 14:25,66
1436,2023/6/3 14:24,63
1437,2023/6/3 14:23,65
1438,2023/6/3 14:22,68
1439,2023/6/3 14:21,84
1440,2023/6/3 13:20,72
1441,2023/6/3 13:19,73
1442,2023/6/3 13:18,72
1443,2023/6/3 13:17,74
1444,2023/6/3 13:16,73
1445,2023/6/3 13:15,75
1446,2023/6/3 13:14,75
1447,2023/6/3 13:13,73
1448,2023/6/3 13:12,75
1449,2023/6/3 13:11,73
1450,2023/6/3 13:10,72
1451,2023/6/3 13:09,73
1452,2023/6/3 13:08,72
1453,2023/6/3 13:07,71
1454,2023/6/3 13:06,63
1455,2023/6/3 13:05,73
1456,2023/6/3 13:04,80
1457,2023/6/3 13:03,80
1458,2023/6/3 13:02,78
1459,2023/6/3 13:01,76
1460,2023/6/3 13:00,76
1461,2023/6/3 12:59,75
1462,2023/6/3 12:58,72
1463,2023/6/3 12:57,74
1464,2023/6/3 12:56,73
1465,2023/6/3 12:55,75
1466,2023/6/3 12:54,74
1467,2023/6/3 12:53,75
1468,2023/6/3 12:52,71
1469,2023/6/3 12:51,73
1470,2023/6/3 12:50,70
1471,2023/6/3 12:49,92
1472,2023/6/3 12:48,89
1473,2023/6/3 12:47,87
1474,2023/6/3 12:46,91
1475,2023/6/3 12:45,84
1476,2023/6/3 12:44,84
1477,2023/6/3 12:43,85
1478,2023/6/3 12:42,88
1479,2023/6/3 12:41,88
1480,2023/6/3 12:40,84
1481,2023/6/3 12:39,92
1482,2023/6/3 12:38,81
1483,2023/6/3 12:37,73
1484,2023/6/3 12:36,73
1485,2023/6/3 12:35,85
1486,2023/6/3 12:34,92
1487,2023/6/3 12:33,85
1488,2023/6/3 12:32,75
1489,2023/6/3 12:31,68
1490,2023/6/3 12:30,69
1491,2023/6/3 12:29,70
1492,2023/6/3 12:28,71
1493,2023/6/3 12:27,71
1494,2023/6/3 12:26,71
1495,2023/6/3 12:25,71
1496,2023/6/3 12:24,68
1497,2023/6/3 12:23,73
1498,2023/6/3 12:22,70
1499,2023/6/3 12:21,72
1500,2023/6/3 12:17,83
1501,2023/6/3 12:16,75
1502,2023/6/3 12:15,78
1503,2023/6/3 12:14,82
1504,2023/6/3 12:13,85
1505,2023/6/3 12:12,84
1506,2023/6/3 12:11,87
1507,2023/6/3 12:10,86
1508,2023/6/3 12:09,83
1509,2023/6/3 12:08,85
1510,2023/6/3 12:07,88
1511,2023/6/3 12:06,89
1512,2023/6/3 12:05,92
1513,2023/6/3 12:04,90
1514,2023/6/3 12:03,87
1515,2023/6/3 12:02,74
1516,2023/6/3 12:01,65
1517,2023/6/3 12:00,65
1518,2023/6/3 11:59,76
1519,2023/6/3 11:58,68
1520,2023/6/3 11:57,70
1521,2023/6/3 11:56,65
1522,2023/6/3 11:55,67
1523,2023/6/3 11:54,64
1524,2023/6/3 11:53,80
1525,2023/6/3 11:52,88
1526,2023/6/3 11:51,94
1527,2023/6/3 11:50,85
1528,2023/6/3 11:49,89
1529,2023/6/3 11:48,87
1530,2023/6/3 11:44,85
1531,2023/6/3 11:43,87
1532,2023/6/3 11:42,80
1533,2023/6/3 11:41,82
1534,2023/6/3 11:40,88
1535,2023/6/3 11:39,89
1536,2023/6/3 11:38,88
1537,2023/6/3 11:37,93
1538,2023/6/3 11:36,90
1539,2023/6/3 11:35,93
1540,2023/6/3 11:34,96
1541,2023/6/3 11:33,93
1542,2023/6/3 11:32,89
1543,2023/6/3 11:31,82
1544,2023/6/3 11:30,82
1545,2023/6/3 11:29,80
1546,2023/6/3 11:28,70
1547,2023/6/3 11:27,85
1548,2023/6/3 11:26,83
1549,2023/6/3 11:25,83
1550,2023/6/3 11:24,88
1551,2023/6/3 11:23,90
1552,2023/6/3 11:22,86
1553,2023/6/3 11:21,81
1554,2023/6/3 11:20,80
1555,2023/6/3 11:19,77
1556,2023/6/3 11:18,81
1557,2023/6/3 11:17,82
1558,2023/6/3 11:16,86
1559,2023/6/3 11:15,81
1560,2023/6/3 11:14,88
1561,2023/6/3 11:13,87
1562,2023/6/3 11:12,89
1563,2023/6/3 11:11,91
1564,2023/6/3 11:10,84
1565,2023/6/3 11:09,86
1566,2023/6/3 11:08,87
1567,2023/6/3 11:07,93
1568,2023/6/3 11:06,91
1569,2023/6/3 11:05,85
1570,2023/6/3 11:04,78
1571,2023/6/3 11:03,76
1572,2023/6/3 11:02,76
1573,2023/6/3 11:01,78
1574,2023/6/3 11:00,85
1575,2023/6/3 10:59,85
1576,2023/6/3 10:58,86
1577,2023/6/3 10:57,87
1578,2023/6/3 10:56,93
1579,2023/6/3 10:55,90
1580,2023/6/3 10:54,89
1581,2023/6/3 10:53,92
1582,2023/6/3 10:52,91
1583,2023/6/3 10:51,88
1584,2023/6/3 10:50,84
1585,2023/6/3 10:49,85
1586,2023/6/3 10:48,88
1587,2023/6/3 10:47,90
1588,2023/6/3 10:46,90
1589,2023/6/3 10:45,89
1590,2023/6/3 10:39,64
1591,2023/6/3 10:38,62
1592,2023/6/3 10:37,65
1593,2023/6/3 10:36,63
1594,2023/6/3 10:35,63
1595,2023/6/3 10:34,65
1596,2023/6/3 10:33,64
1597,2023/6/3 10:32,62
1598,2023/6/3 10:31,64
1599,2023/6/3 10:30,62
1600,2023/6/3 10:29,63
1601,2023/6/3 10:28,62
1602,2023/6/3 10:27,63
1603,2023/6/3 10:26,62
1604,2023/6/3 10:25,63
1605,2023/6/3 10:24,71
1606,2023/6/3 10:23,67
1607,2023/6/3 10:22,67
1608,2023/6/3 10:21,67
1609,2023/6/3 10:20,65
1610,2023/6/3 10:19,66
1611,2023/6/3 10:18,68
1612,2023/6/3 10:17,67
1613,2023/6/3 10:16,68
1614,2023/6/3 10:15,78
1615,2023/6/3 10:14,72
1616,2023/6/3 10:13,73
1617,2023/6/3 10:12,78
1618,2023/6/3 10:11,64
1619,2023/6/3 10:10,66
1620,2023/6/3 9:57,97
1621,2023/6/3 9:56,92
1622,2023/6/3 9:55,78
1623,2023/6/3 9:54,77
1624,2023/6/3 9:53,77
1625,2023/6/3 9:52,74
1626,2023/6/3 9:51,76
1627,2023/6/3 9:50,75
1628,2023/6/3 9:49,77
1629,2023/6/3 9:48,80
1630,2023/6/3 9:47,77
1631,2023/6/3 9:46,73
1632,2023/6/3 9:45,75
1633,2023/6/3 9:44,74
1634,2023/6/3 9:43,75
1635,2023/6/3 9:42,106
1636,2023/6/3 9:41,102
1637,2023/6/3 9:40,101
1638,2023/6/3 9:39,98
1639,2023/6/3 9:38,104
1640,2023/6/3 9:37,107
1641,2023/6/3 9:36,108
1642,2023/6/3 9:35,103
1643,2023/6/3 9:34,103
1644,2023/6/3 9:33,100
1645,2023/6/3 9:32,88
1646,2023/6/3 9:31,82
1647,2023/6/3 9:30,83
1648,2023/6/3 9:29,88
1649,2023/6/3 9:28,93
1650,2023/6/3 9:27,81
1651,2023/6/3 9:26,85
1652,2023/6/3 9:25,95
1653,2023/6/3 9:24,92
1654,2023/6/3 9:23,86
1655,2023/6/3 9:22,85
1656,2023/6/3 9:21,91
1657,2023/6/3 9:20,93
1658,2023/6/3 9:19,91
1659,2023/6/3 9:18,91
1660,2023/6/3 9:17,84
1661,2023/6/3 9:16,86
1662,2023/6/3 9:15,101
1663,2023/6/3 9:14,103
1664,2023/6/3 9:13,104
1665,2023/6/3 9:12,92
1666,2023/6/3 9:11,93
1667,2023/6/3 9:10,88
1668,2023/6/3 9:09,93
1669,2023/6/3 9:08,94
1670,2023/6/3 9:07,87
1671,2023/6/3 9:06,92
1672,2023/6/3 9:05,96
1673,2023/6/3 9:04,91
1674,2023/6/3 9:03,93
1675,2023/6/3 9:02,89
1676,2023/6/3 9:01,81
1677,2023/6/3 9:00,89
1678,2023/6/3 8:59,93
1679,2023/6/3 8:58,87
1680,2023/6/3 8:57,92
1681,2023/6/3 8:56,96
1682,2023/6/3 8:55,94
1683,2023/6/3 8:54,96
1684,2023/6/3 8:53,97
1685,2023/6/3 8:52,96
1686,2023/6/3 8:51,98
1687,2023/6/3 8:50,97
1688,2023/6/3 8:49,93
1689,2023/6/3 8:48,93
1690,2023/6/3 8:47,92
1691,2023/6/3 8:46,95
1692,2023/6/3 8:45,96
1693,2023/6/3 8:44,95
1694,2023/6/3 8:43,92
1695,2023/6/3 8:42,117
1696,2023/6/3 8:41,116
1697,2023/6/3 8:40,119
1698,2023/6/3 8:39,114
1699,2023/6/3 8:38,110
1700,2023/6/3 8:37,116
1701,2023/6/3 8:36,120
1702,2023/6/3 8:35,114
1703,2023/6/3 8:34,109
1704,2023/6/3 8:33,103
1705,2023/6/3 8:32,94
1706,2023/6/3 8:31,90
1707,2023/6/3 8:30,93
1708,2023/6/3 8:29,95
1709,2023/6/3 8:28,94
1710,2023/6/3 8:27,109
1711,2023/6/3 8:26,105
1712,2023/6/3 8:25,105
1713,2023/6/3 8:24,100
1714,2023/6/3 8:23,93
1715,2023/6/3 8:22,92
1716,2023/6/3 8:21,93
1717,2023/6/3 8:20,90
1718,2023/6/3 8:19,98
1719,2023/6/3 8:18,108
1720,2023/6/3 8:17,112
1721,2023/6/3 8:16,123
1722,2023/6/3 8:15,120
1723,2023/6/3 8:14,114
1724,2023/6/3 8:13,117
1725,2023/6/3 8:12,93
1726,2023/6/3 8:11,91
1727,2023/6/3 8:10,94
1728,2023/6/3 8:09,92
1729,2023/6/3 8:08,92
1730,2023/6/3 8:07,92
1731,2023/6/3 8:06,101
1732,2023/6/3 8:05,91
1733,2023/6/3 8:04,91
1734,2023/6/3 8:03,92
1735,2023/6/3 8:02,95
1736,2023/6/3 8:01,96
1737,2023/6/3 8:00,95
1738,2023/6/3 7:59,101
1739,2023/6/3 7:58,108
1740,2023/6/3 7:57,93
1741,2023/6/3 7:56,92
1742,2023/6/3 7:55,90
1743,2023/6/3 7:54,90
1744,2023/6/3 7:53,79
1745,2023/6/3 7:52,83
1746,2023/6/3 7:51,94
1747,2023/6/3 7:50,92
1748,2023/6/3 7:49,91
1749,2023/6/3 7:48,91
1750,2023/6/3 7:47,90
1751,2023/6/3 7:46,90
1752,2023/6/3 7:45,93
1753,2023/6/3 7:44,95
1754,2023/6/3 7:43,91
1755,2023/6/3 7:28,147
1756,2023/6/3 7:27,148
1757,2023/6/3 7:26,140
1758,2023/6/3 7:25,128
1759,2023/6/3 7:24,115
1760,2023/6/3 7:23,114
1761,2023/6/3 7:22,111
1762,2023/6/3 7:21,113
1763,2023/6/3 7:20,117
1764,2023/6/3 7:19,117
1765,2023/6/3 7:18,117
1766,2023/6/3 7:17,112
1767,2023/6/3 7:16,105
1768,2023/6/3 7:15,107
1769,2023/6/3 7:14,90
1770,2023/6/3 7:13,164
1771,2023/6/3 7:12,162
1772,2023/6/3 7:11,143
1773,2023/6/3 7:10,162
1774,2023/6/3 7:09,165
1775,2023/6/3 7:08,145
1776,2023/6/3 7:07,134
1777,2023/6/3 7:06,129
1778,2023/6/3 7:05,131
1779,2023/6/3 7:04,129
1780,2023/6/3 7:03,133
1781,2023/6/3 7:02,135
1782,2023/6/3 7:01,126
1783,2023/6/3 7:00,138
1784,2023/6/3 6:59,135
1785,2023/6/3 6:58,150
1786,2023/6/3 6:57,141
1787,2023/6/3 6:56,151
1788,2023/6/3 6:55,149
1789,2023/6/3 6:54,157
1790,2023/6/3 6:53,165
1791,2023/6/3 6:52,165
1792,2023/6/3 6:51,163
1793,2023/6/3 6:50,160
1794,2023/6/3 6:49,159
1795,2023/6/3 6:48,156
1796,2023/6/3 6:47,161
1797,2023/6/3 6:46,159
1798,2023/6/3 6:45,161
1799,2023/6/3 6:44,161
1800,2023/6/3 6:43,173
1801,2023/6/3 6:42,169
1802,2023/6/3 6:41,156
1803,2023/6/3 6:40,140
1804,2023/6/3 6:39,147
1805,2023/6/3 6:38,148
1806,2023/6/3 6:37,148
1807,2023/6/3 6:36,154
1808,2023/6/3 6:35,151
1809,2023/6/3 6:34,140
1810,2023/6/3 6:33,154
1811,2023/6/3 6:32,161
1812,2023/6/3 6:31,158
1813,2023/6/3 6:30,154
1814,2023/6/3 6:29,158
1815,2023/6/3 6:28,138
1816,2023/6/3 6:27,134
1817,2023/6/3 6:26,140
1818,2023/6/3 6:25,150
1819,2023/6/3 6:24,155
1820,2023/6/3 6:23,154
1821,2023/6/3 6:22,155
1822,2023/6/3 6:21,161
1823,2023/6/3 6:20,167
1824,2023/6/3 6:19,167
1825,2023/6/3 6:18,170
1826,2023/6/3 6:17,172
1827,2023/6/3 6:16,174
1828,2023/6/3 6:15,171
1829,2023/6/3 6:14,171
1830,2023/6/3 6:13,94
1831,2023/6/3 6:12,88
1832,2023/6/3 6:11,84
1833,2023/6/3 6:10,88
1834,2023/6/3 6:09,93
1835,2023/6/3 6:08,114
1836,2023/6/3 6:07,131
1837,2023/6/3 6:06,130
1838,2023/6/3 6:05,142
1839,2023/6/3 6:04,138
1840,2023/6/3 6:03,138
1841,2023/6/3 6:02,141
1842,2023/6/3 6:01,141
1843,2023/6/3 6:00,136
1844,2023/6/3 5:59,138
1845,2023/6/3 5:58,86
1846,2023/6/3 5:57,67
1847,2023/6/3 5:56,59
1848,2023/6/3 5:55,64
1849,2023/6/3 5:54,69
1850,2023/6/3 5:53,69
1851,2023/6/3 5:52,86
1852,2023/6/3 5:51,91
1853,2023/6/3 5:50,86
1854,2023/6/3 5:49,87
1855,2023/6/3 5:48,81
1856,2023/6/3 5:47,80
1857,2023/6/3 5:46,85
1858,2023/6/3 5:45,88
1859,2023/6/3 5:44,92
1860,2023/6/3 5:34,59
1861,2023/6/3 5:33,57
1862,2023/6/3 5:32,56
1863,2023/6/3 5:31,56
1864,2023/6/3 5:30,51
1865,2023/6/3 5:29,52
1866,2023/6/3 5:28,57
1867,2023/6/3 5:27,51
1868,2023/6/3 5:26,52
1869,2023/6/3 5:25,51
1870,2023/6/3 5:24,54
1871,2023/6/3 5:23,52
1872,2023/6/3 5:22,52
1873,2023/6/3 5:21,54
1874,2023/6/3 5:20,60
1875,2023/6/3 5:13,58
1876,2023/6/3 5:12,51
1877,2023/6/3 5:11,70
1878,2023/6/3 5:10,77
1879,2023/6/3 5:09,88
1880,2023/6/3 5:08,87
1881,2023/6/3 5:07,87
1882,2023/6/3 5:06,82
1883,2023/6/3 5:05,89
1884,2023/6/3 5:04,85
1885,2023/6/3 5:03,80
1886,2023/6/3 5:02,78
1887,2023/6/3 5:01,87
1888,2023/6/3 5:00,84
1889,2023/6/3 4:59,81
1890,2023/6/3 4:57,62
1891,2023/6/3 4:56,57
1892,2023/6/3 4:55,57
1893,2023/6/3 4:54,62
1894,2023/6/3 4:53,55
1895,2023/6/3 4:52,58
1896,2023/6/3 4:51,55
1897,2023/6/3 4:50,52
1898,2023/6/3 4:49,60
1899,2023/6/3 4:48,54
1900,2023/6/3 4:47,52
1901,2023/6/3 4:46,56
1902,2023/6/3 4:45,55
1903,2023/6/3 4:44,51
1904,2023/6/3 4:43,53
1905,2023/6/3 4:32,83
1906,2023/6/3 4:31,55
1907,2023/6/3 4:30,58
1908,2023/6/3 4:29,53
1909,2023/6/3 4:28,52
1910,2023/6/3 4:27,51
1911,2023/6/3 4:26,50
1912,2023/6/3 4:25,50
1913,2023/6/3 4:24,50
1914,2023/6/3 4:23,49
1915,2023/6/3 4:22,49
1916,2023/6/3 4:21,49
1917,2023/6/3 4:20,50
1918,2023/6/3 4:19,49
1919,2023/6/3 4:18,51
1920,2023/6/3 3:32,76
1921,2023/6/3 3:31,56
1922,2023/6/3 3:30,53
1923,2023/6/3 3:29,53
1924,2023/6/3 3:28,53
1925,2023/6/3 3:27,51
1926,2023/6/3 3:26,53
1927,2023/6/3 3:25,52
1928,2023/6/3 3:24,52
1929,2023/6/3 3:23,51
1930,2023/6/3 3:22,51
1931,2023/6/3 3:21,53
1932,2023/6/3 3:20,51
1933,2023/6/3 3:19,52
1934,2023/6/3 3:18,52
1935,2023/6/3 1:55,80
1936,2023/6/3 1:54,61
1937,2023/6/3 1:53,62
1938,2023/6/3 1:52,58
1939,2023/6/3 1:51,56
1940,2023/6/3 1:50,57
1941,2023/6/3 1:49,55
1942,2023/6/3 1:48,56
1943,2023/6/3 1:47,56
1944,2023/6/3 1:46,57
1945,2023/6/3 1:45,55
1946,2023/6/3 1:44,55
1947,2023/6/3 1:43,61
1948,2023/6/3 1:42,77
1949,2023/6/3 1:41,63
1950,2023/6/3 1:31,65
1951,2023/6/3 1:30,51
1952,2023/6/3 1:29,50
1953,2023/6/3 1:28,49
1954,2023/6/3 1:27,50
1955,2023/6/3 1:26,52
1956,2023/6/3 1:25,57
1957,2023/6/3 1:24,51
1958,2023/6/3 1:23,59
1959,2023/6/3 1:22,53
1960,2023/6/3 1:21,65
1961,2023/6/3 1:20,56
1962,2023/6/3 1:19,56
1963,2023/6/3 1:18,64
1964,2023/6/3 1:17,56
1965,2023/6/3 1:07,55
1966,2023/6/3 1:06,55
1967,2023/6/3 1:05,56
1968,2023/6/3 1:04,57
1969,2023/6/3 1:03,56
1970,2023/6/3 1:02,56
1971,2023/6/3 1:01,57
1972,2023/6/3 1:00,55
1973,2023/6/3 0:59,55
1974,2023/6/3 0:58,56
1975,2023/6/3 0:57,55
1976,2023/6/3 0:56,55
1977,2023/6/3 0:55,55
1978,2023/6/3 0:54,56
1979,2023/6/3 0:53,73
1980,2023/6/3 0:52,72
1981,2023/6/3 0:51,56
1982,2023/6/3 0:50,58
1983,2023/6/3 0:49,58
1984,2023/6/3 0:48,59
1985,2023/6/3 0:47,57
1986,2023/6/3 0:46,55
1987,2023/6/3 0:45,55
1988,2023/6/3 0:44,55
1989,2023/6/3 0:43,56
1990,2023/6/3 0:42,56
1991,2023/6/3 0:41,56
1992,2023/6/3 0:40,55
1993,2023/6/3 0:39,56
1994,2023/6/3 0:38,56
1995,2023/6/3 0:15,56
1996,2023/6/3 0:14,56
1997,2023/6/3 0:13,56
1998,2023/6/3 0:12,56
1999,2023/6/3 0:11,55
2000,2023/6/3 0:10,54
2001,2023/6/3 0:09,55
2002,2023/6/3 0:08,56
2003,2023/6/3 0:07,69
2004,2023/6/3 0:06,57
2005,2023/6/3 0:05,57
2006,2023/6/3 0:04,56
2007,2023/6/3 0:03,60
2008,2023/6/3 0:02,55
2009,2023/6/3 0:01,56
2010,2023/6/3 0:00,58
2011,2023/6/2 23:59,56
2012,2023/6/2 23:58,55
2013,2023/6/2 23:57,55
2014,2023/6/2 23:56,54
2015,2023/6/2 23:55,53
2016,2023/6/2 23:54,54
2017,2023/6/2 23:53,55
2018,2023/6/2 23:52,57
2019,2023/6/2 23:51,55
2020,2023/6/2 23:50,55
2021,2023/6/2 23:49,55
2022,2023/6/2 23:48,54
2023,2023/6/2 23:47,56
2024,2023/6/2 23:46,54
2025,2023/6/2 23:54,86
2026,2023/6/2 23:53,64
2027,2023/6/2 23:52,58
2028,2023/6/2 23:51,57
2029,2023/6/2 23:50,63
2030,2023/6/2 23:49,57
2040,2023/6/2 23:14,62
2041,2023/6/2 23:13,60
2042,2023/6/2 23:12,62
2043,2023/6/2 23:11,60
2044,2023/6/2 23:10,62
2045,2023/6/2 23:09,60
2046,2023/6/2 23:08,61
2047,2023/6/2 23:07,72
2048,2023/6/2 23:06,76
2049,2023/6/2 23:05,61
2050,2023/6/2 23:04,61
2051,2023/6/2 23:03,61
2052,2023/6/2 23:02,60
2053,2023/6/2 23:01,59
2054,2023/6/2 23:00,58
2055,2023/6/2 22:42,60
2056,2023/6/2 22:41,61
2057,2023/6/2 22:40,61
2058,2023/6/2 22:39,60
2059,2023/6/2 22:38,59
2060,2023/6/2 22:37,60
2061,2023/6/2 22:36,71
2062,2023/6/2 22:35,57
2063,2023/6/2 22:34,59
2064,2023/6/2 22:33,61
2065,2023/6/2 22:32,61
2066,2023/6/2 22:31,60
2067,2023/6/2 22:30,59
2068,2023/6/2 22:29,60
2069,2023/6/2 22:28,61
2070,2023/6/2 22:27,70
2071,2023/6/2 22:26,62
2072,2023/6/2 22:25,64
2073,2023/6/2 22:24,60
2074,2023/6/2 22:23,59
2075,2023/6/2 22:22,59
2076,2023/6/2 22:21,61
2077,2023/6/2 22:20,62
2078,2023/6/2 22:19,60
2079,2023/6/2 22:18,67
2080,2023/6/2 22:17,63
2081,2023/6/2 22:16,65
2082,2023/6/2 22:15,60
2083,2023/6/2 22:14,57
2084,2023/6/2 22:13,59
2085,2023/6/2 21:59,74
2086,2023/6/2 21:58,66
2087,2023/6/2 21:57,69
2088,2023/6/2 21:56,68
2089,2023/6/2 21:55,68
2090,2023/6/2 21:54,66
2091,2023/6/2 21:53,66
2092,2023/6/2 21:52,63
2093,2023/6/2 21:51,60
2094,2023/6/2 21:50,65
2095,2023/6/2 21:49,65
2096,2023/6/2 21:48,64
2097,2023/6/2 21:47,63
2098,2023/6/2 21:46,62
2099,2023/6/2 21:45,64
2100,2023/6/2 21:44,83
2101,2023/6/2 21:43,87
2102,2023/6/2 21:42,91
2103,2023/6/2 21:41,91
2104,2023/6/2 21:40,91
2105,2023/6/2 21:39,91
2106,2023/6/2 21:38,91
2107,2023/6/2 21:37,93
2108,2023/6/2 21:36,83
2109,2023/6/2 21:35,82
2110,2023/6/2 21:34,90
2111,2023/6/2 21:33,90
2112,2023/6/2 21:32,98
2113,2023/6/2 21:31,85
2114,2023/6/2 21:30,89
2115,2023/6/2 21:29,82
2116,2023/6/2 21:28,82
2117,2023/6/2 21:27,88
2118,2023/6/2 21:26,81
2119,2023/6/2 21:25,86
2120,2023/6/2 21:24,90
2121,2023/6/2 21:23,88
2122,2023/6/2 21:22,79
2123,2023/6/2 21:21,85
2124,2023/6/2 21:20,88
2125,2023/6/2 21:19,95
2126,2023/6/2 21:18,96
2127,2023/6/2 21:17,90
2128,2023/6/2 21:16,91
2129,2023/6/2 21:15,85
2130,2023/6/2 21:14,85
2131,2023/6/2 21:13,82
2132,2023/6/2 21:12,76
2133,2023/6/2 21:11,87
2134,2023/6/2 21:10,94
2135,2023/6/2 21:09,79
2136,2023/6/2 21:08,93
2137,2023/6/2 21:07,98
2138,2023/6/2 21:06,90
2139,2023/6/2 21:05,90
2140,2023/6/2 21:04,86
2141,2023/6/2 21:03,77
2142,2023/6/2 21:02,77
2143,2023/6/2 21:01,78
2144,2023/6/2 21:00,81
2145,2023/6/2 20:59,93
2146,2023/6/2 20:58,93
2147,2023/6/2 20:57,96
2148,2023/6/2 20:56,101
2149,2023/6/2 20:55,100
2150,2023/6/2 20:54,97
2151,2023/6/2 20:53,96
2152,2023/6/2 20:52,89
2153,2023/6/2 20:51,88
2154,2023/6/2 20:50,87
2155,2023/6/2 20:49,86
2156,2023/6/2 20:48,84
2157,2023/6/2 20:47,94
2158,2023/6/2 20:46,87
2159,2023/6/2 20:45,82
2160,2023/6/2 20:44,93
2161,2023/6/2 20:43,90
2162,2023/6/2 20:42,89
2163,2023/6/2 20:41,84
2164,2023/6/2 20:40,80
2165,2023/6/2 20:39,82
2166,2023/6/2 20:38,86
2167,2023/6/2 20:37,87
2168,2023/6/2 20:36,89
2169,2023/6/2 20:35,92
2170,2023/6/2 20:34,95
2171,2023/6/2 20:33,94
2172,2023/6/2 20:32,97
2173,2023/6/2 20:31,94
2174,2023/6/2 20:30,89
2175,2023/6/2 20:29,101
2176,2023/6/2 20:28,99
2177,2023/6/2 20:27,99
2178,2023/6/2 20:26,98
2179,2023/6/2 20:25,97
2180,2023/6/2 20:24,95
2181,2023/6/2 20:23,87
2182,2023/6/2 20:22,87
2183,2023/6/2 20:21,88
2184,2023/6/2 20:20,89
2185,2023/6/2 20:19,89
2186,2023/6/2 20:18,90
2187,2023/6/2 20:17,93
2188,2023/6/2 20:16,91
2189,2023/6/2 20:15,88
2190,2023/6/2 20:14,69
2191,2023/6/2 20:13,82
2192,2023/6/2 20:12,78
2193,2023/6/2 20:11,79
2194,2023/6/2 20:10,88
2195,2023/6/2 20:09,91
2196,2023/6/2 20:08,79
2197,2023/6/2 20:07,91
2198,2023/6/2 20:06,91
2199,2023/6/2 20:05,82
2200,2023/6/2 20:04,88
2201,2023/6/2 20:03,101
2202,2023/6/2 20:02,97
2203,2023/6/2 20:01,94
2204,2023/6/2 20:00,98
2205,2023/6/2 19:59,73
2206,2023/6/2 19:58,60
2207,2023/6/2 19:57,60
2208,2023/6/2 19:56,59
2209,2023/6/2 19:55,61
2210,2023/6/2 19:54,59
2211,2023/6/2 19:53,65
2212,2023/6/2 19:52,64
2213,2023/6/2 19:51,76
2214,2023/6/2 19:50,93
2215,2023/6/2 19:49,92
2216,2023/6/2 19:48,86
2217,2023/6/2 19:47,94
2218,2023/6/2 19:46,92
2219,2023/6/2 19:45,64
2220,2023/6/2 19:34,68
2221,2023/6/2 19:33,65
2222,2023/6/2 19:32,67
2223,2023/6/2 19:31,66
2224,2023/6/2 19:30,69
2225,2023/6/2 19:29,67
2226,2023/6/2 19:28,67
2227,2023/6/2 19:27,68
2228,2023/6/2 19:26,73
2229,2023/6/2 19:25,82
2230,2023/6/2 19:24,65
2231,2023/6/2 19:23,69
2232,2023/6/2 19:22,66
2233,2023/6/2 19:21,66
2234,2023/6/2 19:20,66
2235,2023/6/2 19:19,83
2236,2023/6/2 19:18,85
2237,2023/6/2 19:17,85
2238,2023/6/2 19:16,88
2239,2023/6/2 19:15,91
2240,2023/6/2 19:14,84
2241,2023/6/2 19:13,85
2242,2023/6/2 19:12,73
2243,2023/6/2 19:11,71
2244,2023/6/2 19:10,71
2245,2023/6/2 19:09,69
2246,2023/6/2 19:08,68
2247,2023/6/2 19:07,69
2248,2023/6/2 19:06,68
2249,2023/6/2 19:05,67
2250,2023/6/2 19:04,65
2251,2023/6/2 19:03,82
2252,2023/6/2 19:02,99
2253,2023/6/2 19:01,105
2254,2023/6/2 19:00,88
2255,2023/6/2 18:59,91
2256,2023/6/2 18:58,92
2257,2023/6/2 18:57,86
2258,2023/6/2 18:56,85
2259,2023/6/2 18:55,86
2260,2023/6/2 18:54,86
2261,2023/6/2 18:53,85
2262,2023/6/2 18:52,87
2263,2023/6/2 18:51,89
2264,2023/6/2 18:50,86
2265,2023/6/2 18:49,72
2266,2023/6/2 18:48,77
2267,2023/6/2 18:47,72
2268,2023/6/2 18:46,73
2269,2023/6/2 18:45,78
2270,2023/6/2 18:44,77
2271,2023/6/2 18:43,70
2272,2023/6/2 18:42,69
2273,2023/6/2 18:41,73
2274,2023/6/2 18:40,71
2275,2023/6/2 18:39,73
2276,2023/6/2 18:38,68
2277,2023/6/2 18:37,69
2278,2023/6/2 18:36,70
2279,2023/6/2 18:35,67
2280,2023/6/2 18:34,74
2281,2023/6/2 18:33,73
2282,2023/6/2 18:32,69
2283,2023/6/2 18:31,70
2284,2023/6/2 18:30,72
2285,2023/6/2 18:29,70
2286,2023/6/2 18:28,68
2287,2023/6/2 18:27,70
2288,2023/6/2 18:26,75
2289,2023/6/2 18:25,75
2290,2023/6/2 18:24,71
2291,2023/6/2 18:23,77
2292,2023/6/2 18:22,74
2293,2023/6/2 18:21,74
2294,2023/6/2 18:20,69
2295,2023/6/2 18:19,58
2296,2023/6/2 18:18,67
2297,2023/6/2 18:17,78
2298,2023/6/2 18:16,83
2299,2023/6/2 18:15,74
2300,2023/6/2 18:14,70
2301,2023/6/2 18:13,71
2302,2023/6/2 18:12,69
2303,2023/6/2 18:11,67
2304,2023/6/2 18:10,65
2305,2023/6/2 18:09,48
2306,2023/6/2 18:08,51
2307,2023/6/2 18:07,59
2308,2023/6/2 18:06,69
2309,2023/6/2 18:05,69
2310,2023/6/2 18:04,63
2311,2023/6/2 18:03,61
2312,2023/6/2 18:02,78
2313,2023/6/2 18:01,61
2314,2023/6/2 18:00,57
2315,2023/6/2 17:59,62
2316,2023/6/2 17:58,57
2317,2023/6/2 17:57,57
2318,2023/6/2 17:56,57
2319,2023/6/2 17:55,58
2320,2023/6/2 17:54,56
2321,2023/6/2 17:53,58
2322,2023/6/2 17:52,58
2323,2023/6/2 17:51,61
2324,2023/6/2 17:50,60
2325,2023/6/2 17:49,74
2326,2023/6/2 17:48,73
2327,2023/6/2 17:47,61
2328,2023/6/2 17:46,65
2329,2023/6/2 17:45,66
2330,2023/6/2 17:44,59
2331,2023/6/2 17:43,59
2332,2023/6/2 17:42,58
2333,2023/6/2 17:41,59
2334,2023/6/2 17:40,70
2335,2023/6/2 17:39,84
2336,2023/6/2 17:38,77
2337,2023/6/2 17:37,59
2338,2023/6/2 17:36,60
2339,2023/6/2 17:35,60
2340,2023/6/2 17:17,88
2341,2023/6/2 17:16,88
2342,2023/6/2 17:15,87
2343,2023/6/2 17:14,83
2344,2023/6/2 17:13,75
2345,2023/6/2 17:12,66
2346,2023/6/2 17:11,68
2347,2023/6/2 17:10,65
2348,2023/6/2 17:09,63
2349,2023/6/2 17:08,62
2350,2023/6/2 17:07,61
2351,2023/6/2 17:06,62
2352,2023/6/2 17:05,62
2353,2023/6/2 17:04,63
2354,2023/6/2 17:03,64
2355,2023/6/2 17:02,78
2356,2023/6/2 17:01,82
2357,2023/6/2 17:00,89
2358,2023/6/2 16:59,94
2359,2023/6/2 16:58,88
2360,2023/6/2 16:57,83
2361,2023/6/2 16:56,85
2362,2023/6/2 16:55,86
2363,2023/6/2 16:54,90
2364,2023/6/2 16:53,89
2365,2023/6/2 16:52,82
2366,2023/6/2 16:51,85
2367,2023/6/2 16:50,91
2368,2023/6/2 16:49,89
2369,2023/6/2 16:48,86
2370,2023/6/2 16:47,91
2371,2023/6/2 16:46,87
2372,2023/6/2 16:45,87
2373,2023/6/2 16:44,91
2374,2023/6/2 16:43,96
2375,2023/6/2 16:42,86
2376,2023/6/2 16:41,80
2377,2023/6/2 16:40,77
2378,2023/6/2 16:39,79
2379,2023/6/2 16:38,77
2380,2023/6/2 16:37,98
2381,2023/6/2 16:36,97
2382,2023/6/2 16:35,105
2383,2023/6/2 16:34,108
2384,2023/6/2 16:33,80
2385,2023/6/2 16:32,73
2386,2023/6/2 16:31,72
2387,2023/6/2 16:30,73
2388,2023/6/2 16:29,75
2389,2023/6/2 16:28,76
2390,2023/6/2 16:27,73
2391,2023/6/2 16:26,74
2392,2023/6/2 16:25,75
2393,2023/6/2 16:24,74
2394,2023/6/2 16:23,74
2395,2023/6/2 16:22,75
2396,2023/6/2 16:21,75
2397,2023/6/2 16:20,81
2398,2023/6/2 16:19,88
2399,2023/6/2 16:18,90
2400,2023/6/2 16:17,80
2401,2023/6/2 16:16,84
2402,2023/6/2 16:15,85
2403,2023/6/2 16:14,85
2404,2023/6/2 16:13,84
2405,2023/6/2 16:12,74
2406,2023/6/2 16:11,70
2407,2023/6/2 16:10,71
2408,2023/6/2 16:09,75
2409,2023/6/2 16:08,73
2410,2023/6/2 16:07,72
2411,2023/6/2 16:06,72
2412,2023/6/2 16:05,74
2413,2023/6/2 16:04,75
2414,2023/6/2 16:03,75
2415,2023/6/2 16:02,95
2416,2023/6/2 16:01,86
2417,2023/6/2 16:00,89
2418,2023/6/2 15:59,73
2419,2023/6/2 15:58,74
2420,2023/6/2 15:57,75
2421,2023/6/2 15:56,76
2422,2023/6/2 15:55,76
2423,2023/6/2 15:54,76
2424,2023/6/2 15:53,75
2425,2023/6/2 15:52,76
2426,2023/6/2 15:51,74
2427,2023/6/2 15:50,73
2428,2023/6/2 15:49,78
2429,2023/6/2 15:48,82
2430,2023/6/2 15:47,84
2431,2023/6/2 15:46,85
2432,2023/6/2 15:45,79
2433,2023/6/2 15:44,77
2434,2023/6/2 15:43,77
2435,2023/6/2 15:42,76
2436,2023/6/2 15:41,84
2437,2023/6/2 15:40,85
2438,2023/6/2 15:39,82
2439,2023/6/2 15:38,77
2440,2023/6/2 15:37,80
2441,2023/6/2 15:36,82
2442,2023/6/2 15:35,83
2443,2023/6/2 15:34,86
2444,2023/6/2 15:33,85
2445,2023/6/2 15:32,75
2446,2023/6/2 15:31,74
2447,2023/6/2 15:30,75
2448,2023/6/2 15:29,78
2449,2023/6/2 15:28,77
2450,2023/6/2 15:27,81
2451,2023/6/2 15:26,83
2452,2023/6/2 15:25,88
2453,2023/6/2 15:24,85
2454,2023/6/2 15:23,86
2455,2023/6/2 15:22,85
2456,2023/6/2 15:21,82
2457,2023/6/2 15:20,79
2458,2023/6/2 15:19,85
2459,2023/6/2 15:18,83
2460,2023/6/2 15:17,75
2461,2023/6/2 15:16,75
2462,2023/6/2 15:15,74
2463,2023/6/2 15:14,84
2464,2023/6/2 15:13,77
2465,2023/6/2 15:12,80
2466,2023/6/2 15:11,76
2467,2023/6/2 15:10,76
2468,2023/6/2 15:09,77
2469,2023/6/2 15:08,77
2470,2023/6/2 15:07,81
2471,2023/6/2 15:06,95
2472,2023/6/2 15:05,91
2473,2023/6/2 15:04,80
2474,2023/6/2 15:03,75
2475,2023/6/2 15:02,70
2476,2023/6/2 15:01,71
2477,2023/6/2 15:00,76
2478,2023/6/2 14:59,85
2479,2023/6/2 14:58,86
2480,2023/6/2 14:57,82
2481,2023/6/2 14:56,78
2482,2023/6/2 14:55,77
2483,2023/6/2 14:54,78
2484,2023/6/2 14:53,84
2485,2023/6/2 14:52,86
2486,2023/6/2 14:51,79
2487,2023/6/2 14:50,77
2488,2023/6/2 14:49,76
2489,2023/6/2 14:48,75
2490,2023/6/2 14:47,72
2491,2023/6/2 14:46,71
2492,2023/6/2 14:45,72
2493,2023/6/2 14:44,77
2494,2023/6/2 14:43,71
2495,2023/6/2 14:42,71
2496,2023/6/2 14:41,72
2497,2023/6/2 14:40,73
2498,2023/6/2 14:39,72
2499,2023/6/2 14:38,74
2500,2023/6/2 14:37,75
2501,2023/6/2 14:36,75
2502,2023/6/2 14:35,74
2503,2023/6/2 14:34,73
2504,2023/6/2 14:33,70
2505,2023/6/2 14:32,72
2506,2023/6/2 14:31,73
2507,2023/6/2 14:30,70
2508,2023/6/2 14:29,73
2509,2023/6/2 14:28,76
2510,2023/6/2 14:27,75
2511,2023/6/2 14:26,76
2512,2023/6/2 14:25,74
2513,2023/6/2 14:24,75
2514,2023/6/2 14:23,74
2515,2023/6/2 14:22,76
2516,2023/6/2 14:21,71
2517,2023/6/2 14:20,71
2518,2023/6/2 14:19,71
2519,2023/6/2 14:18,71
2520,2023/6/2 14:17,72
2521,2023/6/2 14:16,73
2522,2023/6/2 14:15,73
2523,2023/6/2 14:14,72
2524,2023/6/2 14:13,77
2525,2023/6/2 14:12,74
2526,2023/6/2 14:11,72
2527,2023/6/2 14:10,70
2528,2023/6/2 14:09,70
2529,2023/6/2 14:08,71
2530,2023/6/2 14:07,91
2531,2023/6/2 14:06,92
2532,2023/6/2 14:05,76
2533,2023/6/2 14:04,78
2534,2023/6/2 14:03,76
2535,2023/6/2 14:02,58
2536,2023/6/2 14:01,57
2537,2023/6/2 14:00,59
2538,2023/6/2 13:59,57
2539,2023/6/2 13:58,60
2540,2023/6/2 13:57,58
2541,2023/6/2 13:56,57
2542,2023/6/2 13:55,58
2543,2023/6/2 13:54,59
2544,2023/6/2 13:53,99
2545,2023/6/2 13:52,99
2546,2023/6/2 13:51,85
2547,2023/6/2 13:50,89
2548,2023/6/2 13:49,89
2549,2023/6/2 13:48,74
2550,2023/6/2 13:47,63
2551,2023/6/2 13:46,62
2552,2023/6/2 13:45,62
2553,2023/6/2 13:44,61
2554,2023/6/2 13:43,61
2555,2023/6/2 13:42,61
2556,2023/6/2 13:41,61
2557,2023/6/2 13:40,61
2558,2023/6/2 13:39,60
2559,2023/6/2 13:38,60
2560,2023/6/2 13:37,59
2561,2023/6/2 13:36,59
2562,2023/6/2 13:35,59
2563,2023/6/2 13:34,69
2564,2023/6/2 13:33,60
2565,2023/6/2 13:26,76
2566,2023/6/2 13:25,83
2567,2023/6/2 13:24,84
2568,2023/6/2 13:23,84
2569,2023/6/2 13:22,71
2570,2023/6/2 13:21,69
2571,2023/6/2 13:20,71
2572,2023/6/2 13:19,73
2573,2023/6/2 13:18,74
2574,2023/6/2 13:17,72
2575,2023/6/2 13:16,69
2576,2023/6/2 13:15,68
2577,2023/6/2 13:14,67
2578,2023/6/2 13:13,66
2579,2023/6/2 13:12,65
2580,2023/6/2 13:11,81
2581,2023/6/2 13:10,81
2582,2023/6/2 13:09,77
2583,2023/6/2 13:08,78
2584,2023/6/2 13:07,82
2585,2023/6/2 13:06,76
2586,2023/6/2 13:05,80
2587,2023/6/2 13:04,80
2588,2023/6/2 13:03,76
2589,2023/6/2 13:02,79
2590,2023/6/2 13:01,74
2591,2023/6/2 13:00,76
2592,2023/6/2 12:59,75
2593,2023/6/2 12:58,76
2594,2023/6/2 12:57,75
2595,2023/6/2 12:56,83
2596,2023/6/2 12:55,83
2597,2023/6/2 12:54,90
2598,2023/6/2 12:53,83
2599,2023/6/2 12:52,82
2600,2023/6/2 12:51,84
2601,2023/6/2 12:50,84
2602,2023/6/2 12:49,81
2603,2023/6/2 12:48,79
2604,2023/6/2 12:47,80
2605,2023/6/2 12:46,81
2606,2023/6/2 12:45,80
2607,2023/6/2 12:44,79
2608,2023/6/2 12:43,81
2609,2023/6/2 12:42,82
2610,2023/6/2 12:41,87
2611,2023/6/2 12:40,80
2612,2023/6/2 12:39,84
2613,2023/6/2 12:38,95
2614,2023/6/2 12:37,101
2615,2023/6/2 12:36,95
2616,2023/6/2 12:35,84
2617,2023/6/2 12:34,81
2618,2023/6/2 12:33,87
2619,2023/6/2 12:32,84
2620,2023/6/2 12:31,87
2621,2023/6/2 12:30,83
2622,2023/6/2 12:29,88
2623,2023/6/2 12:28,88
2624,2023/6/2 12:27,86
2625,2023/6/2 12:26,88
2626,2023/6/2 12:25,84
2627,2023/6/2 12:24,82
2628,2023/6/2 12:23,82
2629,2023/6/2 12:22,86
2630,2023/6/2 12:21,86
2631,2023/6/2 12:20,87
2632,2023/6/2 12:19,85
2633,2023/6/2 12:18,83
2634,2023/6/2 12:17,87
2635,2023/6/2 12:16,87
2636,2023/6/2 12:15,93
2637,2023/6/2 12:14,101
2638,2023/6/2 12:13,101
2639,2023/6/2 12:12,97
2640,2023/6/2 12:11,75
2641,2023/6/2 12:10,75
2642,2023/6/2 12:09,80
2643,2023/6/2 12:08,78
2644,2023/6/2 12:07,84
2645,2023/6/2 12:06,93
2646,2023/6/2 12:05,102
2647,2023/6/2 12:04,99
2648,2023/6/2 12:03,95
2649,2023/6/2 12:02,89
2650,2023/6/2 12:01,79
2651,2023/6/2 12:00,83
2652,2023/6/2 11:59,96
2653,2023/6/2 11:58,103
2654,2023/6/2 11:57,94
2655,2023/6/2 11:56,78
2656,2023/6/2 11:55,76
2657,2023/6/2 11:54,73
2658,2023/6/2 11:53,72
2659,2023/6/2 11:52,76
2660,2023/6/2 11:51,79
2661,2023/6/2 11:50,78
2662,2023/6/2 11:49,79
2663,2023/6/2 11:48,76
2664,2023/6/2 11:47,76
2665,2023/6/2 11:46,79
2666,2023/6/2 11:45,80
2667,2023/6/2 11:44,77
2668,2023/6/2 11:43,79
2669,2023/6/2 11:42,75
2670,2023/6/2 11:41,81
2671,2023/6/2 11:40,80
2672,2023/6/2 11:39,80
2673,2023/6/2 11:38,77
2674,2023/6/2 11:37,78
2675,2023/6/2 11:36,81
2676,2023/6/2 11:35,80
2677,2023/6/2 11:34,81
2678,2023/6/2 11:33,83
2679,2023/6/2 11:32,80
2680,2023/6/2 11:31,76
2681,2023/6/2 11:30,78
2682,2023/6/2 11:29,77
2683,2023/6/2 11:28,74
2684,2023/6/2 11:27,80
2685,2023/6/2 11:26,84
2686,2023/6/2 11:25,84
2687,2023/6/2 11:24,81
2688,2023/6/2 11:23,82
2689,2023/6/2 11:22,82
2690,2023/6/2 11:21,80
2691,2023/6/2 11:20,80
2692,2023/6/2 11:19,85
2693,2023/6/2 11:18,83
2694,2023/6/2 11:17,82
2695,2023/6/2 11:16,80
2696,2023/6/2 11:15,82
2697,2023/6/2 11:14,81
2698,2023/6/2 11:13,80
2699,2023/6/2 11:12,83
2700,2023/6/2 11:11,78
2701,2023/6/2 11:10,78
2702,2023/6/2 11:09,77
2703,2023/6/2 11:08,81
2704,2023/6/2 11:07,88
2705,2023/6/2 11:06,93
2706,2023/6/2 11:05,91
2707,2023/6/2 11:04,90
2708,2023/6/2 11:03,92
2709,2023/6/2 11:02,91
2710,2023/6/2 11:01,103
2711,2023/6/2 11:00,85
2712,2023/6/2 10:59,83
2713,2023/6/2 10:58,81
2714,2023/6/2 10:57,81
2715,2023/6/2 10:56,88
2716,2023/6/2 10:55,85
2717,2023/6/2 10:54,82
2718,2023/6/2 10:53,77
2719,2023/6/2 10:52,78
2720,2023/6/2 10:51,80
2721,2023/6/2 10:50,77
2722,2023/6/2 10:49,76
2723,2023/6/2 10:48,77
2724,2023/6/2 10:47,76
2725,2023/6/2 10:46,77
2726,2023/6/2 10:45,85
2727,2023/6/2 10:44,84
2728,2023/6/2 10:43,81
2729,2023/6/2 10:42,79
2730,2023/6/2 10:41,87
2731,2023/6/2 10:40,89
2732,2023/6/2 10:39,85
2733,2023/6/2 10:38,81
2734,2023/6/2 10:37,78
2735,2023/6/2 10:36,88
2736,2023/6/2 10:35,88
2737,2023/6/2 10:34,86
2738,2023/6/2 10:33,85
2739,2023/6/2 10:32,84
2740,2023/6/2 10:31,81
2741,2023/6/2 10:30,82
2742,2023/6/2 10:29,87
2743,2023/6/2 10:28,94
2744,2023/6/2 10:27,92
2745,2023/6/2 10:26,96
2746,2023/6/2 10:25,100
2747,2023/6/2 10:24,98
2748,2023/6/2 10:23,93
2749,2023/6/2 10:22,88
2750,2023/6/2 10:21,87
2751,2023/6/2 10:20,86
2752,2023/6/2 10:19,88
2753,2023/6/2 10:18,91
2754,2023/6/2 10:17,89
2755,2023/6/2 10:16,88
2756,2023/6/2 10:15,83
2757,2023/6/2 10:14,86
2758,2023/6/2 10:13,77
2759,2023/6/2 10:12,78
2760,2023/6/2 10:11,90
2761,2023/6/2 10:10,83
2762,2023/6/2 10:09,87
2763,2023/6/2 10:08,94
2764,2023/6/2 10:07,97
2765,2023/6/2 10:06,95
2766,2023/6/2 10:05,93
2767,2023/6/2 10:04,96
2768,2023/6/2 10:03,93
2769,2023/6/2 10:02,92
2770,2023/6/2 10:01,97
2771,2023/6/2 10:00,99
2772,2023/6/2 9:59,95
2773,2023/6/2 9:58,96
2774,2023/6/2 9:57,95
2775,2023/6/2 9:56,93
2776,2023/6/2 9:55,97
2777,2023/6/2 9:54,93
2778,2023/6/2 9:53,98
2779,2023/6/2 9:52,113
2780,2023/6/2 9:51,105
2781,2023/6/2 9:50,100
2782,2023/6/2 9:49,97
2783,2023/6/2 9:48,95
2784,2023/6/2 9:47,95
2785,2023/6/2 9:46,94
2786,2023/6/2 9:45,94
2787,2023/6/2 9:44,91
2788,2023/6/2 9:43,92
2789,2023/6/2 9:42,91
2790,2023/6/2 9:41,90
2791,2023/6/2 9:40,89
2792,2023/6/2 9:39,89
2793,2023/6/2 9:38,89
2794,2023/6/2 9:37,88
2795,2023/6/2 9:36,87
2796,2023/6/2 9:35,86
2797,2023/6/2 9:34,97
2798,2023/6/2 9:33,91
2799,2023/6/2 9:32,91
2800,2023/6/2 9:31,94
2801,2023/6/2 9:30,96
2802,2023/6/2 9:29,98
2803,2023/6/2 9:28,102
2804,2023/6/2 9:27,96
2805,2023/6/2 9:26,90
2806,2023/6/2 9:25,88
2807,2023/6/2 9:24,85
2808,2023/6/2 9:23,84
2809,2023/6/2 9:22,86
2810,2023/6/2 9:21,86
2811,2023/6/2 9:20,89
2812,2023/6/2 9:19,88
2813,2023/6/2 9:18,89
2814,2023/6/2 9:17,88
2815,2023/6/2 9:16,89
2816,2023/6/2 9:15,86
2817,2023/6/2 9:14,87
2818,2023/6/2 9:13,88
2819,2023/6/2 9:12,86
2820,2023/6/2 9:11,97
2821,2023/6/2 9:10,95
2822,2023/6/2 9:09,93
2823,2023/6/2 9:08,95
2824,2023/6/2 9:07,95
2825,2023/6/2 9:06,91
2826,2023/6/2 9:05,91
2827,2023/6/2 9:04,91
2828,2023/6/2 9:03,92
2829,2023/6/2 9:02,90
2830,2023/6/2 9:01,91
2831,2023/6/2 9:00,94
2832,2023/6/2 8:59,94
2833,2023/6/2 8:58,89
2834,2023/6/2 8:57,89
2835,2023/6/2 8:56,84
2836,2023/6/2 8:55,85
2837,2023/6/2 8:54,90
2838,2023/6/2 8:53,99
2839,2023/6/2 8:52,99
2840,2023/6/2 8:51,96
2841,2023/6/2 8:50,92
2842,2023/6/2 8:49,94
2843,2023/6/2 8:48,94
2844,2023/6/2 8:47,96
2845,2023/6/2 8:46,98
2846,2023/6/2 8:45,100
2847,2023/6/2 8:44,101
2848,2023/6/2 8:43,105
2849,2023/6/2 8:42,103
2850,2023/6/2 8:41,103
2851,2023/6/2 8:40,101
2852,2023/6/2 8:39,98
2853,2023/6/2 8:38,96
2854,2023/6/2 8:37,98
2855,2023/6/2 8:36,99
2856,2023/6/2 8:35,106
2857,2023/6/2 8:34,108
2858,2023/6/2 8:33,86
2859,2023/6/2 8:32,84
2860,2023/6/2 8:31,86
2861,2023/6/2 8:30,88
2862,2023/6/2 8:29,83
2863,2023/6/2 8:28,83
2864,2023/6/2 8:27,87
2865,2023/6/2 8:26,92
2866,2023/6/2 8:25,91
2867,2023/6/2 8:24,86
2868,2023/6/2 8:23,83
2869,2023/6/2 8:22,87
2870,2023/6/2 8:21,88
2871,2023/6/2 8:20,90
2872,2023/6/2 8:19,90
2873,2023/6/2 8:18,91
2874,2023/6/2 8:17,90
2875,2023/6/2 8:16,92
2876,2023/6/2 8:15,92
2877,2023/6/2 8:14,102
2878,2023/6/2 8:13,107
2879,2023/6/2 8:12,115
2880,2023/6/2 7:44,137
2881,2023/6/2 7:43,152
2882,2023/6/2 7:42,151
2883,2023/6/2 7:41,140
2884,2023/6/2 7:40,155
2885,2023/6/2 7:39,162
2886,2023/6/2 7:38,149
2887,2023/6/2 7:37,136
2888,2023/6/2 7:36,129
2889,2023/6/2 7:35,121
2890,2023/6/2 7:34,119
2891,2023/6/2 7:33,130
2892,2023/6/2 7:32,135
2893,2023/6/2 7:31,119
2894,2023/6/2 7:30,110
2895,2023/6/2 7:29,127
2896,2023/6/2 7:28,136
2897,2023/6/2 7:27,146
2898,2023/6/2 7:26,151
2899,2023/6/2 7:25,163
2900,2023/6/2 7:24,167
2901,2023/6/2 7:23,167
2902,2023/6/2 7:22,169
2903,2023/6/2 7:21,170
2904,2023/6/2 7:20,170
2905,2023/6/2 7:19,149
2906,2023/6/2 7:18,133
2907,2023/6/2 7:17,131
2908,2023/6/2 7:16,140
2909,2023/6/2 7:15,137
2910,2023/6/2 7:14,150
2911,2023/6/2 7:13,161
2912,2023/6/2 7:12,153
2913,2023/6/2 7:11,157
2914,2023/6/2 7:10,164
2915,2023/6/2 7:09,169
2916,2023/6/2 7:08,173
2917,2023/6/2 7:07,162
2918,2023/6/2 7:06,154
2919,2023/6/2 7:05,165
2920,2023/6/2 7:04,170
2921,2023/6/2 7:03,171
2922,2023/6/2 7:02,168
2923,2023/6/2 7:01,157
2924,2023/6/2 7:00,169
2925,2023/6/2 6:33,92
2926,2023/6/2 6:32,90
2927,2023/6/2 6:31,89
2928,2023/6/2 6:30,83
2929,2023/6/2 6:29,79
2930,2023/6/2 6:28,88
2931,2023/6/2 6:27,102
2932,2023/6/2 6:26,98
2933,2023/6/2 6:25,90
2934,2023/6/2 6:24,100
2935,2023/6/2 6:23,102
2936,2023/6/2 6:22,126
2937,2023/6/2 6:21,134
2938,2023/6/2 6:20,136
2939,2023/6/2 6:19,136
2940,2023/6/2 6:18,88
2941,2023/6/2 6:17,90
2942,2023/6/2 6:16,103
2943,2023/6/2 6:15,89
2944,2023/6/2 6:14,90
2945,2023/6/2 6:13,84
2946,2023/6/2 6:12,84
2947,2023/6/2 6:11,94
2948,2023/6/2 6:10,91
2949,2023/6/2 6:09,78
2950,2023/6/2 6:08,82
2951,2023/6/2 6:07,88
2952,2023/6/2 6:06,91
2953,2023/6/2 6:05,90
2954,2023/6/2 6:04,92
2955,2023/6/2 6:03,87
2956,2023/6/2 6:02,66
2957,2023/6/2 6:01,64
2958,2023/6/2 6:00,60
2959,2023/6/2 5:59,62
2960,2023/6/2 5:58,60
2961,2023/6/2 5:57,61
2962,2023/6/2 5:56,55
2963,2023/6/2 5:55,60
2964,2023/6/2 5:54,61
2965,2023/6/2 5:53,76
2966,2023/6/2 5:52,87
2967,2023/6/2 5:51,86
2968,2023/6/2 5:50,69
2969,2023/6/2 5:49,55
2970,2023/6/2 5:22,63
2971,2023/6/2 5:21,63
2972,2023/6/2 5:20,54
2973,2023/6/2 5:19,54
2974,2023/6/2 5:18,51
2975,2023/6/2 5:17,55
2976,2023/6/2 5:16,54
2977,2023/6/2 5:15,48
2978,2023/6/2 5:14,48
2979,2023/6/2 5:13,48
2980,2023/6/2 5:12,48
2981,2023/6/2 5:11,49
2982,2023/6/2 5:10,49
2983,2023/6/2 5:09,48
2984,2023/6/2 5:08,47
2985,2023/6/2 4:09,57
2986,2023/6/2 4:08,48
2987,2023/6/2 4:07,50
2988,2023/6/2 4:06,50
2989,2023/6/2 4:05,49
2990,2023/6/2 4:04,49
2991,2023/6/2 4:03,48
2992,2023/6/2 4:02,50
2993,2023/6/2 4:01,50
2994,2023/6/2 4:00,50
2995,2023/6/2 3:59,71
2996,2023/6/2 3:58,51
2997,2023/6/2 3:57,49
2998,2023/6/2 3:56,49
2999,2023/6/2 3:55,50
3000,2023/6/2 3:51,57
3001,2023/6/2 3:50,52
3002,2023/6/2 3:49,53
3003,2023/6/2 3:48,53
3004,2023/6/2 3:47,51
3005,2023/6/2 3:46,51
3006,2023/6/2 3:45,50
3007,2023/6/2 3:44,52
3008,2023/6/2 3:43,51
3009,2023/6/2 3:42,53
3010,2023/6/2 3:41,61
3011,2023/6/2 3:40,51
3012,2023/6/2 3:39,53
3013,2023/6/2 3:38,55
3014,2023/6/2 3:37,51
3015,2023/6/2 3:28,69
3016,2023/6/2 3:27,54
3017,2023/6/2 3:26,52
3018,2023/6/2 3:25,52
3019,2023/6/2 3:24,57
3020,2023/6/2 3:23,58
3021,2023/6/2 3:22,51
3022,2023/6/2 3:21,50
3023,2023/6/2 3:20,51
3024,2023/6/2 3:19,49
3025,2023/6/2 3:18,49
3026,2023/6/2 3:17,48
3027,2023/6/2 3:16,48
3028,2023/6/2 3:15,48
3029,2023/6/2 3:14,47
3030,2023/6/2 2:37,58
3031,2023/6/2 2:36,51
3032,2023/6/2 2:35,51
3033,2023/6/2 2:34,52
3034,2023/6/2 2:33,52
3035,2023/6/2 2:32,51
3036,2023/6/2 2:31,63
3037,2023/6/2 2:30,57
3038,2023/6/2 2:29,51
3039,2023/6/2 2:28,56
3040,2023/6/2 2:27,51
3041,2023/6/2 2:26,65
3042,2023/6/2 2:25,53
3043,2023/6/2 2:24,53
3044,2023/6/2 2:23,53
3045,2023/6/2 2:22,88
3046,2023/6/2 2:21,80
3047,2023/6/2 2:20,62
3048,2023/6/2 2:19,52
3049,2023/6/2 2:18,52
3050,2023/6/2 2:17,50
3051,2023/6/2 2:16,50
3052,2023/6/2 2:15,67
3053,2023/6/2 2:14,49
3054,2023/6/2 2:13,52
3055,2023/6/2 2:12,51
3056,2023/6/2 2:11,51
3057,2023/6/2 2:10,53
3058,2023/6/2 2:09,60
3059,2023/6/2 2:08,54
3060,2023/6/2 1:43,76
3061,2023/6/2 1:42,68
3062,2023/6/2 1:41,53
3063,2023/6/2 1:40,52
3064,2023/6/2 1:39,51
3065,2023/6/2 1:38,51
3066,2023/6/2 1:37,50
3067,2023/6/2 1:36,52
3068,2023/6/2 1:35,52
3069,2023/6/2 1:34,52
3070,2023/6/2 1:33,51
3071,2023/6/2 1:32,52
3072,2023/6/2 1:31,56
3073,2023/6/2 1:30,59
3074,2023/6/2 1:29,55
3075,2023/6/2 1:25,79
3076,2023/6/2 1:24,74
3077,2023/6/2 1:23,54
3078,2023/6/2 1:22,53
3079,2023/6/2 1:21,53
3080,2023/6/2 1:20,60
3081,2023/6/2 1:19,52
3082,2023/6/2 1:18,56
3083,2023/6/2 1:17,52
3084,2023/6/2 1:16,52
3085,2023/6/2 1:15,51
3086,2023/6/2 1:14,51
3087,2023/6/2 1:13,52
3088,2023/6/2 1:12,62
3089,2023/6/2 1:11,50
3090,2023/6/2 0:01,77
3091,2023/6/2 0:00,60
3092,2023/6/1 23:59,55
3093,2023/6/1 23:58,55
3094,2023/6/1 23:57,54
3095,2023/6/1 23:56,54
3096,2023/6/1 23:55,54
3097,2023/6/1 23:54,55
3098,2023/6/1 23:53,53
3099,2023/6/1 23:52,53
3100,2023/6/1 23:51,54
3101,2023/6/1 23:50,54
3102,2023/6/1 23:49,56
3103,2023/6/1 23:48,56
3104,2023/6/1 23:47,59
3105,2023/6/1 23:09,64
3106,2023/6/1 23:08,61
3107,2023/6/1 23:07,62
3108,2023/6/1 23:06,58
3109,2023/6/1 23:05,58
3110,2023/6/1 23:04,71
3111,2023/6/1 23:03,64
3112,2023/6/1 23:02,62
3113,2023/6/1 23:01,58
3114,2023/6/1 23:00,57
3115,2023/6/1 22:59,60
3116,2023/6/1 22:58,59
3117,2023/6/1 22:57,60
3118,2023/6/1 22:56,57
3119,2023/6/1 22:55,63
3120,2023/6/1 22:54,61
3121,2023/6/1 22:53,69
3122,2023/6/1 22:52,70
3123,2023/6/1 22:51,66
3124,2023/6/1 22:50,65
3125,2023/6/1 22:49,66
3126,2023/6/1 22:48,65
3127,2023/6/1 22:47,72
3128,2023/6/1 22:46,73
3129,2023/6/1 22:45,65
3130,2023/6/1 22:44,60
3131,2023/6/1 22:43,60
3132,2023/6/1 22:42,66
3133,2023/6/1 22:41,66
3134,2023/6/1 22:40,66
3135,2023/6/1 22:39,63
3136,2023/6/1 22:38,69
3137,2023/6/1 22:37,67
3138,2023/6/1 22:36,58
3139,2023/6/1 22:35,61
3140,2023/6/1 22:34,58
3141,2023/6/1 22:33,61
3142,2023/6/1 22:32,61
3143,2023/6/1 22:31,58
3144,2023/6/1 22:30,61
3145,2023/6/1 22:29,62
3146,2023/6/1 22:28,66
3147,2023/6/1 22:27,65
3148,2023/6/1 22:26,62
3149,2023/6/1 22:25,65
3150,2023/6/1 22:24,66
3151,2023/6/1 22:23,60
3152,2023/6/1 22:22,60
3153,2023/6/1 22:21,60
3154,2023/6/1 22:20,58
3155,2023/6/1 22:19,57
3156,2023/6/1 22:18,58
3157,2023/6/1 22:17,54
3158,2023/6/1 22:16,80
3159,2023/6/1 22:15,87
3160,2023/6/1 22:14,77
3161,2023/6/1 22:13,68
3162,2023/6/1 22:12,63
3163,2023/6/1 22:11,62
3164,2023/6/1 22:10,65
3165,2023/6/1 22:09,62
3166,2023/6/1 22:08,59
3167,2023/6/1 22:07,58
3168,2023/6/1 22:06,64
3169,2023/6/1 22:05,75
3170,2023/6/1 22:04,76
3171,2023/6/1 22:03,70
3172,2023/6/1 22:02,76
3173,2023/6/1 22:01,87
3174,2023/6/1 22:00,84
3175,2023/6/1 21:59,87
3176,2023/6/1 21:58,94
3177,2023/6/1 21:57,84
3178,2023/6/1 21:56,84
3179,2023/6/1 21:55,69
3180,2023/6/1 21:37,62
3181,2023/6/1 21:36,63
3182,2023/6/1 21:35,60
3183,2023/6/1 21:34,59
3184,2023/6/1 21:33,61
3185,2023/6/1 21:32,61
3186,2023/6/1 21:31,62
3187,2023/6/1 21:30,60
3188,2023/6/1 21:29,60
3189,2023/6/1 21:28,59
3190,2023/6/1 21:27,60
3191,2023/6/1 21:26,60
3192,2023/6/1 21:25,60
3193,2023/6/1 21:24,60
3194,2023/6/1 21:23,61
3195,2023/6/1 21:18,52
3196,2023/6/1 21:17,58
3197,2023/6/1 21:16,61
3198,2023/6/1 21:15,61
3199,2023/6/1 21:14,65
3200,2023/6/1 21:13,60
3201,2023/6/1 21:12,61
3202,2023/6/1 21:11,67
3203,2023/6/1 21:10,59
3204,2023/6/1 21:09,59
3205,2023/6/1 21:08,65
3206,2023/6/1 21:07,60
3207,2023/6/1 21:06,60
3208,2023/6/1 21:05,60
3209,2023/6/1 21:04,61
3210,2023/6/1 20:42,69
3211,2023/6/1 20:41,67
3212,2023/6/1 20:40,78
3213,2023/6/1 20:39,82
3214,2023/6/1 20:38,76
3215,2023/6/1 20:37,63
3216,2023/6/1 20:36,68
3217,2023/6/1 20:35,70
3218,2023/6/1 20:34,67
3219,2023/6/1 20:33,64
3220,2023/6/1 20:32,65
3221,2023/6/1 20:31,65
3222,2023/6/1 20:30,66
3223,2023/6/1 20:29,63
3224,2023/6/1 20:28,63
3225,2023/6/1 20:27,73
3226,2023/6/1 20:26,76
3227,2023/6/1 20:25,71
3228,2023/6/1 20:24,73
3229,2023/6/1 20:23,72
3230,2023/6/1 20:22,71
3231,2023/6/1 20:21,71
3232,2023/6/1 20:20,70
3233,2023/6/1 20:19,73
3234,2023/6/1 20:18,70
3235,2023/6/1 20:17,71
3236,2023/6/1 20:16,69
3237,2023/6/1 20:15,75
3238,2023/6/1 20:14,72
3239,2023/6/1 20:13,70
3240,2023/6/1 20:12,71
3241,2023/6/1 20:11,70
3242,2023/6/1 20:10,71
3243,2023/6/1 20:09,73
3244,2023/6/1 20:08,69
3245,2023/6/1 20:07,68
3246,2023/6/1 20:06,68
3247,2023/6/1 20:05,66
3248,2023/6/1 20:04,67
3249,2023/6/1 20:03,69
3250,2023/6/1 20:02,72
3251,2023/6/1 20:01,70
3252,2023/6/1 20:00,70
3253,2023/6/1 19:59,71
3254,2023/6/1 19:58,72
3255,2023/6/1 19:57,84
3256,2023/6/1 19:56,76
3257,2023/6/1 19:55,73
3258,2023/6/1 19:54,72
3259,2023/6/1 19:53,71
3260,2023/6/1 19:52,72
3261,2023/6/1 19:51,78
3262,2023/6/1 19:50,84
3263,2023/6/1 19:49,75
3264,2023/6/1 19:48,75
3265,2023/6/1 19:47,71
3266,2023/6/1 19:46,74
3267,2023/6/1 19:45,69
3268,2023/6/1 19:44,72
3269,2023/6/1 19:43,68
3270,2023/6/1 19:42,90
3271,2023/6/1 19:41,89
3272,2023/6/1 19:40,84
3273,2023/6/1 19:39,86
3274,2023/6/1 19:38,82
3275,2023/6/1 19:37,80
3276,2023/6/1 19:36,79
3277,2023/6/1 19:35,77
3278,2023/6/1 19:34,86
3279,2023/6/1 19:33,84
3280,2023/6/1 19:32,76
3281,2023/6/1 19:31,72
3282,2023/6/1 19:30,74
3283,2023/6/1 19:29,75
3284,2023/6/1 19:28,77
3285,2023/6/1 19:27,80
3286,2023/6/1 19:26,78
3287,2023/6/1 19:25,76
3288,2023/6/1 19:24,75
3289,2023/6/1 19:23,75
3290,2023/6/1 19:22,74
3291,2023/6/1 19:21,79
3292,2023/6/1 19:20,75
3293,2023/6/1 19:19,74
3294,2023/6/1 19:18,79
3295,2023/6/1 19:17,73
3296,2023/6/1 19:16,71
3297,2023/6/1 19:15,76
3298,2023/6/1 19:14,85
3299,2023/6/1 19:13,89
3300,2023/6/1 19:12,71
3301,2023/6/1 19:11,75
3302,2023/6/1 19:10,76
3303,2023/6/1 19:09,75
3304,2023/6/1 19:08,77
3305,2023/6/1 19:07,89
3306,2023/6/1 19:06,98
3307,2023/6/1 19:05,74
3308,2023/6/1 19:04,76
3309,2023/6/1 19:03,75
3310,2023/6/1 19:02,77
3311,2023/6/1 19:01,76
3312,2023/6/1 19:00,78
3313,2023/6/1 18:59,80
3314,2023/6/1 18:58,81
3315,2023/6/1 18:57,71
3316,2023/6/1 18:56,77
3317,2023/6/1 18:55,85
3318,2023/6/1 18:54,77
3319,2023/6/1 18:53,78
3320,2023/6/1 18:52,82
3321,2023/6/1 18:51,95
3322,2023/6/1 18:50,100
3323,2023/6/1 18:49,99
3324,2023/6/1 18:48,88
3325,2023/6/1 18:47,82
3326,2023/6/1 18:46,86
3327,2023/6/1 18:45,86
3328,2023/6/1 18:44,76
3329,2023/6/1 18:43,66
3330,2023/6/1 18:42,72
3331,2023/6/1 18:41,76
3332,2023/6/1 18:40,70
3333,2023/6/1 18:39,76
3334,2023/6/1 18:38,75
3335,2023/6/1 18:37,79
3336,2023/6/1 18:36,74
3337,2023/6/1 18:35,77
3338,2023/6/1 18:34,82
3339,2023/6/1 18:33,71
3340,2023/6/1 18:32,68
3341,2023/6/1 18:31,66
3342,2023/6/1 18:30,65
3343,2023/6/1 18:29,65
3344,2023/6/1 18:28,63
3345,2023/6/1 18:27,66
3346,2023/6/1 18:26,64
3347,2023/6/1 18:25,63
3348,2023/6/1 18:24,64
3349,2023/6/1 18:23,63
3350,2023/6/1 18:22,63
3351,2023/6/1 18:21,64
3352,2023/6/1 18:20,66
3353,2023/6/1 18:19,65
3354,2023/6/1 18:18,64
3355,2023/6/1 18:17,72
3356,2023/6/1 18:16,87
3357,2023/6/1 18:15,81
3358,2023/6/1 18:14,73
3359,2023/6/1 18:13,72
3360,2023/6/1 18:07,80
3361,2023/6/1 18:06,83
3362,2023/6/1 18:05,87
3363,2023/6/1 18:04,77
3364,2023/6/1 18:03,75
3365,2023/6/1 18:02,73
3366,2023/6/1 18:01,75
3367,2023/6/1 18:00,69
3368,2023/6/1 17:59,65
3369,2023/6/1 17:58,64
3370,2023/6/1 17:57,67
3371,2023/6/1 17:56,65
3372,2023/6/1 17:55,67
3373,2023/6/1 17:54,68
3374,2023/6/1 17:53,68
3375,2023/6/1 17:52,76
3376,2023/6/1 17:51,75
3377,2023/6/1 17:50,80
3378,2023/6/1 17:49,86
3379,2023/6/1 17:48,81
3380,2023/6/1 17:47,83
3381,2023/6/1 17:46,79
3382,2023/6/1 17:45,75
3383,2023/6/1 17:44,75
3384,2023/6/1 17:43,80
3385,2023/6/1 17:42,74
3386,2023/6/1 17:41,82
3387,2023/6/1 17:40,80
3388,2023/6/1 17:39,74
3389,2023/6/1 17:38,80
3390,2023/6/1 17:37,75
3391,2023/6/1 17:36,76
3392,2023/6/1 17:35,74
3393,2023/6/1 17:34,76
3394,2023/6/1 17:33,75
3395,2023/6/1 17:32,77
3396,2023/6/1 17:31,83
3397,2023/6/1 17:30,77
3398,2023/6/1 17:29,75
3399,2023/6/1 17:28,70
3400,2023/6/1 17:27,73
3401,2023/6/1 17:26,72
3402,2023/6/1 17:25,72
3403,2023/6/1 17:24,77
3404,2023/6/1 17:23,78
3405,2023/6/1 17:22,72
3406,2023/6/1 17:21,76
3407,2023/6/1 17:20,77
3408,2023/6/1 17:19,75
3409,2023/6/1 17:18,79
3410,2023/6/1 17:17,77
3411,2023/6/1 17:16,76
3412,2023/6/1 17:15,74
3413,2023/6/1 17:14,79
3414,2023/6/1 17:13,76
3415,2023/6/1 17:12,80
3416,2023/6/1 17:11,80
3417,2023/6/1 17:10,78
3418,2023/6/1 17:09,80
3419,2023/6/1 17:08,74
3420,2023/6/1 17:07,77
3421,2023/6/1 17:06,85
3422,2023/6/1 17:05,78
3423,2023/6/1 17:04,80
3424,2023/6/1 17:03,83
3425,2023/6/1 17:02,84
3426,2023/6/1 17:01,82
3427,2023/6/1 17:00,81
3428,2023/6/1 16:59,78
3429,2023/6/1 16:58,78
3430,2023/6/1 16:57,75
3431,2023/6/1 16:56,77
3432,2023/6/1 16:55,78
3433,2023/6/1 16:54,80
3434,2023/6/1 16:53,84
3435,2023/6/1 16:52,77
3436,2023/6/1 16:51,79
3437,2023/6/1 16:50,81
3438,2023/6/1 16:49,76
3439,2023/6/1 16:48,77
3440,2023/6/1 16:47,85
3441,2023/6/1 16:46,92
3442,2023/6/1 16:45,98
3443,2023/6/1 16:44,98
3444,2023/6/1 16:43,100
3445,2023/6/1 16:42,84
3446,2023/6/1 16:41,92
3447,2023/6/1 16:40,91
3448,2023/6/1 16:39,86
3449,2023/6/1 16:38,79
3450,2023/6/1 16:37,92
3451,2023/6/1 16:36,89
3452,2023/6/1 16:35,83
3453,2023/6/1 16:34,79
3454,2023/6/1 16:33,81
3455,2023/6/1 16:32,80
3456,2023/6/1 16:31,84
3457,2023/6/1 16:30,81
3458,2023/6/1 16:29,86
3459,2023/6/1 16:28,82
3460,2023/6/1 16:27,81
3461,2023/6/1 16:26,80
3462,2023/6/1 16:25,80
3463,2023/6/1 16:24,82
3464,2023/6/1 16:23,80
3465,2023/6/1 16:22,88
3466,2023/6/1 16:21,92
3467,2023/6/1 16:20,92
3468,2023/6/1 16:19,94
3469,2023/6/1 16:18,94
3470,2023/6/1 16:17,90
3471,2023/6/1 16:16,92
3472,2023/6/1 16:15,87
3473,2023/6/1 16:14,84
3474,2023/6/1 16:13,86
3475,2023/6/1 16:12,90
3476,2023/6/1 16:11,89
3477,2023/6/1 16:10,94
3478,2023/6/1 16:09,93
3479,2023/6/1 16:08,91
3480,2023/6/1 16:07,77
3481,2023/6/1 16:06,78
3482,2023/6/1 16:05,79
3483,2023/6/1 16:04,81
3484,2023/6/1 16:03,81
3485,2023/6/1 16:02,80
3486,2023/6/1 16:01,81
3487,2023/6/1 16:00,81
3488,2023/6/1 15:59,82
3489,2023/6/1 15:58,92
3490,2023/6/1 15:57,89
3491,2023/6/1 15:56,85
3492,2023/6/1 15:55,84
3493,2023/6/1 15:54,79
3494,2023/6/1 15:53,83
3495,2023/6/1 15:52,89
3496,2023/6/1 15:51,90
3497,2023/6/1 15:50,90
3498,2023/6/1 15:49,86
3499,2023/6/1 15:48,83
3500,2023/6/1 15:47,76
3501,2023/6/1 15:46,70
3502,2023/6/1 15:45,73
3503,2023/6/1 15:44,69
3504,2023/6/1 15:43,67
3505,2023/6/1 15:42,67
3506,2023/6/1 15:41,69
3507,2023/6/1 15:40,74
3508,2023/6/1 15:39,77
3509,2023/6/1 15:38,74
3510,2023/6/1 15:37,68
3511,2023/6/1 15:36,75
3512,2023/6/1 15:35,84
3513,2023/6/1 15:34,73
3514,2023/6/1 15:33,89
3515,2023/6/1 15:32,95
3516,2023/6/1 15:31,95
3517,2023/6/1 15:30,74
3518,2023/6/1 15:29,78
3519,2023/6/1 15:28,90
3520,2023/6/1 15:27,87
3521,2023/6/1 15:26,91
3522,2023/6/1 15:25,91
3523,2023/6/1 15:24,85
3524,2023/6/1 15:23,82
3525,2023/6/1 15:22,72
3526,2023/6/1 15:21,67
3527,2023/6/1 15:20,64
3528,2023/6/1 15:19,67
3529,2023/6/1 15:18,68
3530,2023/6/1 15:17,63
3531,2023/6/1 15:16,61
3532,2023/6/1 15:15,64
3533,2023/6/1 15:14,62
3534,2023/6/1 15:13,64
3535,2023/6/1 15:12,62
3536,2023/6/1 15:11,62
3537,2023/6/1 15:10,62
3538,2023/6/1 15:09,71
3539,2023/6/1 15:08,66
3540,2023/6/1 15:07,88
3541,2023/6/1 15:06,91
3542,2023/6/1 15:05,93
3543,2023/6/1 15:04,91
3544,2023/6/1 15:03,94
3545,2023/6/1 15:02,97
3546,2023/6/1 15:01,66
3547,2023/6/1 15:00,65
3548,2023/6/1 14:59,70
3549,2023/6/1 14:58,66
3550,2023/6/1 14:57,65
3551,2023/6/1 14:56,68
3552,2023/6/1 14:55,66
3553,2023/6/1 14:54,66
3554,2023/6/1 14:53,63
3555,2023/6/1 14:52,58
3556,2023/6/1 14:51,56
3557,2023/6/1 14:50,64
3558,2023/6/1 14:49,75
3559,2023/6/1 14:48,80
3560,2023/6/1 14:47,87
3561,2023/6/1 14:46,80
3562,2023/6/1 14:45,85
3563,2023/6/1 14:44,80
3564,2023/6/1 14:43,65
3565,2023/6/1 14:42,64
3566,2023/6/1 14:41,65
3567,2023/6/1 14:40,63
3568,2023/6/1 14:39,75
3569,2023/6/1 14:38,81
3570,2023/6/1 14:37,48
3571,2023/6/1 14:36,50
3572,2023/6/1 14:35,64
3573,2023/6/1 14:34,61
3574,2023/6/1 14:33,71
3575,2023/6/1 14:32,63
3576,2023/6/1 14:31,62
3577,2023/6/1 14:30,62
3578,2023/6/1 14:29,56
3579,2023/6/1 14:28,57
3580,2023/6/1 14:27,57
3581,2023/6/1 14:26,58
3582,2023/6/1 14:25,59
3583,2023/6/1 14:24,59
3584,2023/6/1 14:23,59
3585,2023/6/1 14:22,89
3586,2023/6/1 14:21,85
3587,2023/6/1 14:20,90
3588,2023/6/1 14:19,88
3589,2023/6/1 14:18,71
3590,2023/6/1 14:17,72
3591,2023/6/1 14:16,77
3592,2023/6/1 14:15,78
3593,2023/6/1 14:14,73
3594,2023/6/1 14:13,55
3595,2023/6/1 14:12,49
3596,2023/6/1 14:11,64
3597,2023/6/1 14:10,64
3598,2023/6/1 14:09,54
3599,2023/6/1 14:08,48
3600,2023/6/1 14:07,64
3601,2023/6/1 14:06,66
3602,2023/6/1 14:05,67
3603,2023/6/1 14:04,59
3604,2023/6/1 14:03,73
3605,2023/6/1 14:02,78
3606,2023/6/1 14:01,66
3607,2023/6/1 14:00,69
3608,2023/6/1 13:59,76
3609,2023/6/1 13:58,72
3610,2023/6/1 13:57,70
3611,2023/6/1 13:56,75
3612,2023/6/1 13:55,85
3613,2023/6/1 13:54,85
3614,2023/6/1 13:53,83
3615,2023/6/1 13:52,61
3616,2023/6/1 13:51,62
3617,2023/6/1 13:50,63
3618,2023/6/1 13:49,63
3619,2023/6/1 13:48,68
3620,2023/6/1 13:47,64
3621,2023/6/1 13:46,63
3622,2023/6/1 13:45,65
3623,2023/6/1 13:44,58
3624,2023/6/1 13:43,62
3625,2023/6/1 13:42,62
3626,2023/6/1 13:41,64
3627,2023/6/1 13:40,73
3628,2023/6/1 13:39,75
3629,2023/6/1 13:38,68
3630,2023/6/1 13:37,71
3631,2023/6/1 13:36,68
3632,2023/6/1 13:35,67
3633,2023/6/1 13:34,63
3634,2023/6/1 13:33,62
3635,2023/6/1 13:32,64
3636,2023/6/1 13:31,69
3637,2023/6/1 13:30,64
3638,2023/6/1 13:29,69
3639,2023/6/1 13:28,73
3640,2023/6/1 13:27,74
3641,2023/6/1 13:26,76
3642,2023/6/1 13:25,80
3643,2023/6/1 13:24,70
3644,2023/6/1 13:23,62
3645,2023/6/1 13:22,67
3646,2023/6/1 13:21,68
3647,2023/6/1 13:20,69
3648,2023/6/1 13:19,68
3649,2023/6/1 13:18,68
3650,2023/6/1 13:17,67
3651,2023/6/1 13:16,67
3652,2023/6/1 13:15,67
3653,2023/6/1 13:14,67
3654,2023/6/1 13:13,67
3655,2023/6/1 13:12,66
3656,2023/6/1 13:11,66
3657,2023/6/1 13:10,64
3658,2023/6/1 13:09,70
3659,2023/6/1 13:08,72
3660,2023/6/1 13:07,72
3661,2023/6/1 13:06,69
3662,2023/6/1 13:05,75
3663,2023/6/1 13:04,81
3664,2023/6/1 13:03,71
3665,2023/6/1 13:02,65
3666,2023/6/1 13:01,68
3667,2023/6/1 13:00,68
3668,2023/6/1 12:59,68
3669,2023/6/1 12:58,71
3670,2023/6/1 12:57,70
3671,2023/6/1 12:56,68
3672,2023/6/1 12:55,70
3673,2023/6/1 12:54,64
3674,2023/6/1 12:53,66
3675,2023/6/1 12:42,73
3676,2023/6/1 12:41,72
3677,2023/6/1 12:40,73
3678,2023/6/1 12:39,72
3679,2023/6/1 12:38,69
3680,2023/6/1 12:37,73
3681,2023/6/1 12:36,69
3682,2023/6/1 12:35,69
3683,2023/6/1 12:34,66
3684,2023/6/1 12:33,69
3685,2023/6/1 12:32,71
3686,2023/6/1 12:31,69
3687,2023/6/1 12:30,69
3688,2023/6/1 12:29,68
3689,2023/6/1 12:28,68
3690,2023/6/1 12:27,71
3691,2023/6/1 12:26,69
3692,2023/6/1 12:25,68
3693,2023/6/1 12:24,73
3694,2023/6/1 12:23,74
3695,2023/6/1 12:22,74
3696,2023/6/1 12:21,71
3697,2023/6/1 12:20,70
3698,2023/6/1 12:19,73
3699,2023/6/1 12:18,72
3700,2023/6/1 12:17,70
3701,2023/6/1 12:16,71
3702,2023/6/1 12:15,69
3703,2023/6/1 12:14,71
3704,2023/6/1 12:13,70
3705,2023/6/1 12:12,77
3706,2023/6/1 12:11,74
3707,2023/6/1 12:10,74
3708,2023/6/1 12:09,78
3709,2023/6/1 12:08,76
3710,2023/6/1 12:07,87
3711,2023/6/1 12:06,81
3712,2023/6/1 12:05,73
3713,2023/6/1 12:04,73
3714,2023/6/1 12:03,75
3715,2023/6/1 12:02,75
3716,2023/6/1 12:01,75
3717,2023/6/1 12:00,74
3718,2023/6/1 11:59,71
3719,2023/6/1 11:58,72
3720,2023/6/1 11:57,95
3721,2023/6/1 11:56,86
3722,2023/6/1 11:55,84
3723,2023/6/1 11:54,81
3724,2023/6/1 11:53,96
3725,2023/6/1 11:52,95
3726,2023/6/1 11:51,95
3727,2023/6/1 11:50,77
3728,2023/6/1 11:49,78
3729,2023/6/1 11:48,76
3730,2023/6/1 11:47,76
3731,2023/6/1 11:46,78
3732,2023/6/1 11:45,77
3733,2023/6/1 11:44,76
3734,2023/6/1 11:43,74
3735,2023/6/1 11:42,98
3736,2023/6/1 11:41,95
3737,2023/6/1 11:40,96
3738,2023/6/1 11:39,98
3739,2023/6/1 11:38,95
3740,2023/6/1 11:37,96
3741,2023/6/1 11:36,92
3742,2023/6/1 11:35,97
3743,2023/6/1 11:34,101
3744,2023/6/1 11:33,96
3745,2023/6/1 11:32,83
3746,2023/6/1 11:31,84
3747,2023/6/1 11:30,90
3748,2023/6/1 11:29,95
3749,2023/6/1 11:28,94
3750,2023/6/1 11:27,77
3751,2023/6/1 11:26,85
3752,2023/6/1 11:25,92
3753,2023/6/1 11:24,91
3754,2023/6/1 11:23,83
3755,2023/6/1 11:22,85
3756,2023/6/1 11:21,80
3757,2023/6/1 11:20,83
3758,2023/6/1 11:19,91
3759,2023/6/1 11:18,93
3760,2023/6/1 11:17,95
3761,2023/6/1 11:16,99
3762,2023/6/1 11:15,95
3763,2023/6/1 11:14,98
3764,2023/6/1 11:13,102
3765,2023/6/1 11:12,85
3766,2023/6/1 11:11,79
3767,2023/6/1 11:10,84
3768,2023/6/1 11:09,88
3769,2023/6/1 11:08,91
3770,2023/6/1 11:07,97
3771,2023/6/1 11:06,93
3772,2023/6/1 11:05,89
3773,2023/6/1 11:04,89
3774,2023/6/1 11:03,90
3775,2023/6/1 11:02,94
3776,2023/6/1 11:01,95
3777,2023/6/1 11:00,87
3778,2023/6/1 10:59,82
3779,2023/6/1 10:58,79
3780,2023/6/1 10:57,76
3781,2023/6/1 10:56,75
3782,2023/6/1 10:55,69
3783,2023/6/1 10:54,64
3784,2023/6/1 10:53,65
3785,2023/6/1 10:52,65
3786,2023/6/1 10:51,69
3787,2023/6/1 10:50,72
3788,2023/6/1 10:49,83
3789,2023/6/1 10:48,89
3790,2023/6/1 10:47,88
3791,2023/6/1 10:46,93
3792,2023/6/1 10:45,95
3793,2023/6/1 10:44,92
3794,2023/6/1 10:43,94
3795,2023/6/1 10:42,70
3796,2023/6/1 10:41,67
3797,2023/6/1 10:40,76
3798,2023/6/1 10:39,74
3799,2023/6/1 10:38,71
3800,2023/6/1 10:37,77
3801,2023/6/1 10:36,76
3802,2023/6/1 10:35,79
3803,2023/6/1 10:34,71
3804,2023/6/1 10:33,88
3805,2023/6/1 10:32,95
3806,2023/6/1 10:31,80
3807,2023/6/1 10:30,73
3808,2023/6/1 10:29,75
3809,2023/6/1 10:28,75
3810,2023/6/1 10:27,87
3811,2023/6/1 10:26,90
3812,2023/6/1 10:25,77
3813,2023/6/1 10:24,73
3814,2023/6/1 10:23,71
3815,2023/6/1 10:22,74
3816,2023/6/1 10:21,76
3817,2023/6/1 10:20,72
3818,2023/6/1 10:19,77
3819,2023/6/1 10:18,78
3820,2023/6/1 10:17,69
3821,2023/6/1 10:16,74
3822,2023/6/1 10:15,73
3823,2023/6/1 10:14,73
3824,2023/6/1 10:13,72
3825,2023/6/1 10:12,64
3826,2023/6/1 10:11,68
3827,2023/6/1 10:10,68
3828,2023/6/1 10:09,66
3829,2023/6/1 10:08,65
3830,2023/6/1 10:07,63
3831,2023/6/1 10:06,67
3832,2023/6/1 10:05,69
3833,2023/6/1 10:04,64
3834,2023/6/1 10:03,63
3835,2023/6/1 10:02,69
3836,2023/6/1 10:01,90
3837,2023/6/1 10:00,94
3838,2023/6/1 9:59,91
3839,2023/6/1 9:58,94
3840,2023/6/1 9:57,69
3841,2023/6/1 9:56,66
3842,2023/6/1 9:55,73
3843,2023/6/1 9:54,72
3844,2023/6/1 9:53,73
3845,2023/6/1 9:52,65
3846,2023/6/1 9:51,64
3847,2023/6/1 9:50,66
3848,2023/6/1 9:49,65
3849,2023/6/1 9:48,65
3850,2023/6/1 9:47,68
3851,2023/6/1 9:46,72
3852,2023/6/1 9:45,65
3853,2023/6/1 9:44,62
3854,2023/6/1 9:43,64
3855,2023/6/1 9:42,91
3856,2023/6/1 9:41,82
3857,2023/6/1 9:40,66
3858,2023/6/1 9:39,68
3859,2023/6/1 9:38,68
3860,2023/6/1 9:37,68
3861,2023/6/1 9:36,67
3862,2023/6/1 9:35,63
3863,2023/6/1 9:34,71
3864,2023/6/1 9:33,66
3865,2023/6/1 9:32,68
3866,2023/6/1 9:31,66
3867,2023/6/1 9:30,66
3868,2023/6/1 9:29,68
3869,2023/6/1 9:28,68
3870,2023/6/1 7:42,87
3871,2023/6/1 7:41,85
3872,2023/6/1 7:40,83
3873,2023/6/1 7:39,87
3874,2023/6/1 7:38,81
3875,2023/6/1 7:37,83
3876,2023/6/1 7:36,83
3877,2023/6/1 7:35,91
3878,2023/6/1 7:34,100
3879,2023/6/1 7:33,94
3880,2023/6/1 7:32,95
3881,2023/6/1 7:31,98
3882,2023/6/1 7:30,90
3883,2023/6/1 7:29,75
3884,2023/6/1 7:28,79
3885,2023/6/1 7:27,87
3886,2023/6/1 7:26,86
3887,2023/6/1 7:25,84
3888,2023/6/1 7:24,91
3889,2023/6/1 7:23,103
3890,2023/6/1 7:22,94
3891,2023/6/1 7:21,99
3892,2023/6/1 7:20,99
3893,2023/6/1 7:19,94
3894,2023/6/1 7:18,92
3895,2023/6/1 7:17,89
3896,2023/6/1 7:16,81
3897,2023/6/1 7:15,99
3898,2023/6/1 7:14,97
3899,2023/6/1 7:13,90
3900,2023/6/1 7:12,77
3901,2023/6/1 7:11,77
3902,2023/6/1 7:10,78
3903,2023/6/1 7:09,78
3904,2023/6/1 7:08,74
3905,2023/6/1 7:07,76
3906,2023/6/1 7:06,77
3907,2023/6/1 7:05,78
3908,2023/6/1 7:04,78
3909,2023/6/1 7:03,75
3910,2023/6/1 7:02,78
3911,2023/6/1 7:01,74
3912,2023/6/1 7:00,77
3913,2023/6/1 6:59,89
3914,2023/6/1 6:58,94
