年份,年末总人口(万人),0-14岁人口(万人),15-64岁人口(万人),65岁及以上人口(万人)
2000年,126743,29012,88910,8821
2001年,127627,28716,89849,9062
2002年,128453,28774,90302,9377
2003年,129227,28559,90976,9692
2004年,129988,27947,92184,9857
2005年,130756,26504,94197,10055
2006年,131448,25961,95068,10419
2007年,132129,25660,95833,10636
2008年,132802,25166,96680,10956
2009年,133450,24659,97484,11307
2010年,134091,22259,99938,11894
2011年,134916,22161,100378,12277
2012年,135922,22427,100718,12777
2013年,136726,22423,101041,13262
2014年,137646,22712,101032,13902
2015年,138326,22824,100978,14524
2016年,139232,23252,100943,15037
2017年,140011,23522,100528,15961
2018年,140541,23751,100065,16724
2019年,141008,23689,99552,17767
2020年,141212,25277,96871,19064
2021年,141260,24678,96526,20056
2022年,141175,23908,96289,20978
