图片,真实结果,祁中海,蹇子欣,苏艳,员阳,革政君,吾宇旗义轩,迮静怡,邴中海,陈依诺,出英,介义轩,裴丽芳
1,0,1,0,0,0,1,0,0,1,0,0,1,1
1,1,0,1,1,1,1,0,0,1,1,0,1,1
1,0,0,0,0,0,0,0,1,0,0,0,1,1
1,0,0,0,0,0,0,0,1,0,0,0,0,0
1,0,0,0,0,0,1,1,0,0,0,0,1,1
1,1,1,1,1,1,0,1,0,1,1,0,1,1
1,0,0,0,0,0,0,1,0,0,0,1,1,1
1,0,1,0,0,0,0,0,0,0,0,1,0,1
1,0,1,0,0,0,1,0,0,0,0,0,1,1
1,1,1,1,1,1,0,1,0,1,1,0,1,0
1,0,0,1,1,0,0,0,0,0,1,1,0,0
1,0,0,0,0,1,0,1,0,0,0,1,0,0
1,0,0,0,0,0,0,1,0,0,0,0,1,0
1,0,0,1,0,0,0,1,0,0,1,0,0,0
1,1,1,1,1,1,0,0,1,0,1,1,0,1
1,0,0,0,0,0,0,0,0,0,1,0,0,1
1,1,1,1,1,1,1,0,1,1,1,1,1,1
1,1,1,1,1,1,1,0,1,1,0,1,0,0
1,1,1,1,1,1,1,1,0,0,1,0,1,0
1,0,1,0,1,0,0,1,0,1,0,1,0,0
1,1,1,1,1,1,1,1,1,1,0,0,1,1
1,0,0,0,0,0,0,0,0,1,1,1,1,1
1,1,1,1,0,0,1,1,0,1,0,0,1,1
1,1,0,1,1,0,1,1,0,1,0,0,1,1
1,1,1,0,0,1,1,0,0,1,0,1,1,1
1,1,1,1,1,1,1,1,0,1,1,1,1,1
1,1,1,1,0,1,1,0,1,1,0,1,0,0
1,1,1,1,1,0,1,1,1,1,1,0,1,0
1,1,1,1,1,1,1,1,0,1,1,0,0,1
1,1,1,1,1,1,0,1,0,0,1,0,0,1
1,0,0,0,0,1,0,1,1,0,1,0,1,0
1,0,0,0,0,0,0,0,1,1,1,0,0,0
1,1,1,1,0,1,0,1,0,1,1,1,1,0
1,1,1,1,1,1,1,1,1,1,1,1,1,1
1,1,1,1,1,1,1,1,1,1,1,1,1,1
1,0,0,0,0,0,0,0,0,0,0,1,0,0
1,1,1,1,1,1,1,1,1,1,0,1,0,1
1,0,0,0,0,0,0,1,0,0,1,1,0,1
1,0,0,0,0,1,0,0,0,0,0,0,1,1
1,0,0,0,0,0,0,0,0,1,0,0,0,0
1,0,0,0,0,1,1,1,1,0,1,0,0,0
1,0,0,0,0,0,0,0,0,1,0,0,1,1
1,1,1,1,1,1,1,0,1,0,0,1,0,0
1,1,1,1,0,1,1,1,1,1,0,1,1,1
1,1,1,1,1,1,1,1,0,1,1,1,1,1
1,1,1,1,1,1,1,1,0,1,0,1,1,0
1,1,1,1,1,1,1,1,1,1,0,0,0,1
1,0,0,0,0,0,0,0,1,0,1,0,0,0
1,1,1,1,1,1,1,1,0,1,1,1,0,0
1,1,1,1,1,1,0,1,1,1,1,1,0,0
2,0,0,0,0,0,1,0,1,1,0,1,0,0
2,1,1,1,1,1,1,1,1,1,0,1,1,0
2,0,1,0,0,0,1,1,0,0,1,0,0,0
2,1,1,1,0,1,0,1,0,1,0,1,1,0
2,0,1,1,0,0,0,0,0,0,0,0,0,1
2,1,1,1,1,1,1,1,0,0,1,1,0,1
2,1,1,1,1,1,1,1,1,1,1,1,1,1
2,0,0,0,0,0,0,0,0,0,0,0,0,1
2,0,0,0,0,0,0,0,1,0,1,1,1,0
2,0,0,0,0,0,0,0,0,1,1,0,1,1
2,0,1,0,0,0,0,1,0,0,1,1,0,0
2,0,0,1,0,0,1,0,0,0,0,1,0,1
2,0,0,0,0,1,0,1,0,0,1,0,1,1
2,0,0,0,0,1,0,0,0,0,1,1,0,1
2,0,0,0,1,0,0,1,0,0,1,0,0,1
2,1,1,0,0,1,0,1,1,1,1,0,0,1
2,1,1,1,1,1,1,1,0,1,1,0,1,1
2,0,0,0,0,0,0,1,0,0,0,0,1,0
2,1,1,1,1,1,1,0,1,1,0,1,1,0
2,1,1,1,1,1,1,1,1,1,0,1,1,1
2,1,1,1,1,1,0,1,1,0,1,0,1,1
2,1,1,1,1,1,0,1,1,1,1,0,0,1
2,0,0,0,0,1,1,1,0,1,1,0,0,1
2,1,1,1,1,0,1,1,1,0,0,0,1,1
2,0,1,0,0,0,0,1,1,1,1,0,0,0
2,1,1,1,1,0,1,1,1,1,0,1,1,0
2,1,1,1,1,1,1,0,1,1,1,1,1,1
2,1,1,1,1,1,1,1,1,1,1,1,0,1
2,0,0,0,1,0,1,0,1,1,1,1,0,1
2,1,1,1,1,0,1,0,1,0,1,0,1,1
2,0,0,1,0,1,0,1,1,1,1,1,1,0
2,1,1,0,1,1,0,1,1,1,0,1,1,1
2,0,1,0,0,0,0,0,0,1,1,0,0,1
2,1,1,1,1,0,1,0,1,0,1,1,1,0
2,0,0,0,1,1,1,0,0,1,0,0,1,1
2,0,0,0,0,0,0,0,0,0,0,1,1,1
2,1,1,1,1,1,1,1,1,1,1,0,1,1
2,0,1,1,0,0,1,0,1,0,0,0,0,1
2,1,1,1,1,1,1,1,1,1,1,1,1,1
2,1,0,1,0,1,1,1,1,1,0,1,1,1
2,1,1,1,0,1,1,1,0,1,1,1,0,0
2,1,1,1,1,1,1,0,1,1,1,0,0,0
2,1,0,1,1,1,0,1,1,1,1,1,1,0
2,1,0,1,1,1,1,1,1,1,0,1,1,0
2,1,1,1,1,1,1,0,0,1,0,0,0,1
2,1,1,0,0,1,1,1,1,1,0,0,1,1
2,1,1,0,1,1,1,0,1,1,0,1,0,0
2,1,1,1,0,1,1,1,0,0,0,1,1,0
2,1,1,1,1,1,0,1,1,1,1,0,0,1
2,0,0,0,0,0,0,0,1,0,0,0,0,1
3,0,0,0,0,0,0,0,0,0,1,1,1,0
3,1,1,1,1,1,0,0,0,1,0,0,0,0
3,1,1,1,1,1,1,1,1,0,1,0,1,1
3,1,1,1,1,1,1,1,1,1,1,0,0,0
3,1,1,1,0,1,0,1,1,1,0,1,0,1
3,1,1,1,1,1,1,0,0,0,1,1,0,0
3,1,1,0,1,0,0,1,1,1,1,1,0,1
3,1,1,1,1,0,1,0,1,0,0,0,1,1
3,1,1,1,1,1,1,1,1,0,0,0,1,0
3,0,0,0,0,0,0,0,0,0,0,0,1,1
3,1,1,1,1,1,1,0,1,1,1,0,1,1
3,0,1,0,0,0,0,0,1,0,0,1,0,0
3,1,1,1,1,1,1,1,0,0,1,0,0,0
3,1,1,1,1,1,1,1,1,0,1,0,1,0
3,0,0,0,0,0,0,0,0,0,1,0,1,0
3,1,1,1,1,1,1,0,1,1,1,1,1,1
3,0,0,1,0,0,0,1,0,1,1,0,1,0
3,1,1,1,1,1,1,1,1,1,1,0,1,1
3,1,1,1,1,1,1,0,1,1,0,1,1,1
3,0,0,0,0,0,0,1,1,0,1,1,1,1
3,1,1,0,1,1,0,1,1,0,1,1,0,1
3,0,0,0,0,0,1,0,0,0,0,0,0,1
3,1,1,1,1,1,0,1,1,1,1,1,1,0
3,0,0,0,0,1,0,0,1,0,0,0,1,1
3,0,0,0,0,0,0,0,1,0,0,0,0,0
3,1,1,1,1,1,1,0,0,0,1,1,1,1
3,1,1,1,1,1,0,1,0,1,0,0,0,1
3,0,0,0,0,1,1,1,1,0,0,1,0,0
3,1,1,1,1,1,1,1,0,0,0,0,0,1
3,1,1,1,1,1,1,1,1,0,1,0,1,0
3,1,1,0,1,1,0,1,1,0,0,0,1,1
3,0,0,1,0,0,1,0,0,0,1,1,1,0
3,0,1,0,0,0,0,0,0,1,0,1,1,1
3,0,0,0,1,0,0,1,0,0,0,1,1,1
3,0,0,0,0,0,0,0,1,1,0,0,1,0
3,0,0,0,0,0,0,0,1,0,0,1,0,1
3,0,0,0,0,0,0,1,0,0,0,1,1,0
3,0,0,0,0,0,0,1,0,0,0,0,0,1
3,0,0,0,0,1,1,0,1,0,1,0,0,0
3,0,0,0,0,0,1,0,0,0,1,0,1,1
3,1,1,1,1,1,1,0,0,1,0,1,0,1
3,0,0,1,0,1,0,1,1,0,0,1,1,0
3,1,1,1,0,1,1,1,1,1,1,1,1,1
3,1,1,1,1,1,1,1,0,1,1,1,0,0
3,1,1,1,1,1,1,1,1,1,0,1,0,0
3,0,0,0,0,0,0,0,0,0,1,1,1,0
3,0,0,0,0,0,0,1,0,1,0,1,1,1
3,0,0,0,0,0,0,0,0,0,0,0,0,1
3,0,0,0,0,1,1,1,1,0,1,0,0,0
3,1,1,1,0,1,1,1,1,1,0,0,0,1
4,0,0,1,0,0,0,0,0,1,1,0,1,0
4,0,0,0,0,0,1,1,0,0,0,1,1,0
4,0,1,0,0,0,0,1,0,0,1,0,0,0
4,0,0,0,0,0,1,0,0,0,0,0,0,0
4,0,0,0,0,0,0,0,0,0,1,0,1,0
4,1,1,1,1,1,1,0,1,1,0,1,1,1
4,0,0,0,0,0,0,1,0,0,0,0,1,1
4,1,1,1,1,1,0,0,1,0,0,0,1,1
4,0,0,0,0,1,0,0,0,0,0,0,0,0
4,1,1,1,1,0,0,1,1,0,1,1,0,0
4,0,0,0,0,0,1,0,0,0,0,1,1,0
4,0,0,0,1,0,1,0,1,0,0,0,1,1
4,1,1,0,1,1,1,1,1,1,1,1,1,1
4,1,1,1,1,1,0,1,1,0,1,0,0,0
4,1,0,0,1,1,1,0,1,1,0,0,1,0
4,0,1,0,0,1,0,0,1,0,0,1,0,1
4,1,1,1,1,1,1,1,1,0,1,1,1,1
4,0,0,0,0,0,0,0,1,0,1,1,0,0
4,0,0,0,0,1,1,0,0,0,0,0,0,1
4,1,1,1,1,1,0,0,1,1,1,1,1,1
4,1,1,1,1,1,1,1,1,0,1,0,1,1
4,0,0,0,1,0,0,0,0,0,0,0,0,1
4,0,0,0,0,0,0,0,1,0,1,0,0,0
4,1,1,0,1,1,1,1,0,0,1,0,0,1
4,1,1,0,1,1,1,0,1,1,1,1,0,0
4,1,1,1,1,0,1,1,1,0,1,1,0,1
4,0,0,0,0,0,1,0,0,0,0,0,1,0
4,0,0,0,0,0,0,0,0,0,0,1,0,0
4,0,0,0,0,0,1,0,0,1,0,0,1,0
4,0,0,0,0,1,0,0,0,0,0,0,1,1
4,0,0,0,0,0,1,0,0,1,0,0,1,0
4,0,0,0,0,0,1,1,0,0,1,1,1,0
4,1,1,1,1,1,0,0,1,1,1,0,1,1
4,0,0,0,0,0,0,1,0,0,1,1,0,0
4,0,0,0,0,0,0,0,1,0,0,1,1,0
4,0,0,0,0,0,1,1,0,0,0,1,0,0
4,1,1,1,1,0,1,0,1,1,0,1,0,1
4,0,0,0,0,0,1,0,1,0,0,1,0,1
4,0,0,0,0,1,0,0,1,0,0,0,0,0
4,1,1,1,1,1,0,0,1,0,1,1,1,1
4,0,0,0,0,0,0,0,0,1,1,1,1,0
4,0,0,0,0,1,0,0,0,0,0,1,0,0
4,0,0,0,0,0,0,1,1,0,1,1,0,0
4,0,1,0,0,0,1,0,1,0,1,1,1,1
4,0,0,0,0,0,0,0,1,0,1,0,0,1
4,1,1,1,0,1,1,1,1,1,0,0,1,1
4,1,1,1,1,0,0,0,1,0,0,0,0,0
4,1,1,1,1,1,1,0,0,1,0,0,0,1
4,0,0,0,0,0,1,0,0,1,1,0,0,1
4,0,0,1,0,0,0,0,0,1,0,0,0,0
5,0,0,0,0,1,0,0,1,1,0,0,1,0
5,1,1,1,1,1,1,1,1,1,1,1,0,1
5,0,0,0,0,0,0,1,0,0,1,1,1,0
5,0,0,0,0,0,0,1,0,1,1,0,1,1
5,1,1,1,1,1,1,1,1,1,1,1,1,0
5,0,0,1,0,0,0,0,0,1,0,1,0,1
5,1,1,1,1,1,1,0,1,1,0,0,0,1
5,1,1,1,1,1,1,1,1,1,1,0,1,1
5,1,1,1,1,1,1,1,1,0,1,1,1,0
5,0,0,0,0,0,1,1,1,0,0,0,0,1
5,0,0,0,0,0,0,1,0,0,0,1,1,0
5,0,0,0,1,0,0,0,0,1,1,1,1,1
5,0,1,0,0,0,0,0,1,0,0,0,0,0
5,0,0,0,0,0,0,0,1,1,1,0,1,1
5,0,0,0,0,0,0,1,0,1,1,1,0,0
5,0,0,1,1,0,1,1,0,1,0,0,0,0
5,1,1,0,1,1,0,1,0,1,0,1,1,0
5,0,1,0,0,0,1,0,1,0,0,0,1,1
5,1,0,0,0,1,1,1,1,1,0,1,0,0
5,0,0,0,0,0,0,0,0,0,0,1,1,1
5,0,0,0,0,0,1,0,1,1,1,1,1,0
5,0,0,0,0,0,0,0,1,0,1,0,0,1
5,1,1,1,1,1,1,1,0,1,0,0,1,1
5,1,1,1,1,1,1,0,0,1,1,0,0,0
5,1,1,1,1,1,1,0,1,1,0,0,0,1
5,1,1,1,0,1,1,0,1,0,1,0,0,1
5,0,1,0,0,0,1,0,0,0,1,0,0,1
5,1,1,1,1,0,1,1,0,1,0,0,1,1
5,0,0,0,0,0,1,0,0,0,1,1,0,1
5,0,0,0,0,0,0,1,0,0,0,1,1,0
5,1,1,1,1,1,1,1,1,1,1,0,0,0
5,1,0,1,1,1,0,1,0,1,0,0,0,1
5,1,1,0,1,1,1,1,1,1,1,1,1,1
5,1,1,1,0,1,1,1,1,1,1,0,0,0
5,1,1,1,0,1,0,1,1,1,1,1,1,1
5,1,0,1,1,1,1,1,1,1,1,0,0,0
5,1,1,1,1,1,1,1,1,1,0,1,0,0
5,1,1,1,1,0,1,1,0,1,1,0,1,0
5,0,0,1,1,0,0,0,1,0,1,0,1,1
5,1,1,1,1,1,1,1,1,1,0,1,0,1
5,1,1,1,1,1,1,0,1,0,1,1,0,0
5,0,0,0,0,0,1,0,0,0,1,1,0,0
5,1,1,1,1,0,1,1,0,0,1,1,1,1
5,0,0,0,0,0,0,0,1,1,0,0,0,0
5,0,0,0,0,0,1,0,0,0,1,1,1,0
5,1,1,1,1,1,1,1,1,1,1,0,1,1
5,0,0,0,0,0,0,0,0,0,0,0,0,0
5,0,0,0,0,0,0,0,1,0,1,0,0,1
5,0,0,0,0,0,0,0,1,0,0,0,1,0
5,0,0,0,0,0,0,0,0,0,0,0,0,0
6,1,1,1,1,1,1,0,1,0,0,1,0,1
6,0,0,0,0,0,1,0,1,0,0,1,0,0
6,1,1,1,1,1,1,1,1,1,1,1,1,0
6,0,0,0,0,0,0,0,0,0,0,0,0,1
6,0,0,0,0,0,0,0,0,1,0,1,1,1
6,0,0,1,0,0,0,1,0,0,0,0,1,1
6,0,0,0,0,0,0,0,0,1,1,0,0,0
6,1,1,1,0,1,1,0,0,0,0,1,1,0
6,1,1,0,1,0,0,1,1,1,1,0,1,1
6,0,0,0,0,0,0,0,1,0,0,1,0,0
6,0,0,0,0,0,0,0,0,0,1,0,0,0
6,1,1,1,0,0,0,1,1,1,1,0,1,1
6,0,0,0,0,0,0,0,0,0,0,1,0,0
6,0,0,0,0,0,0,0,0,0,0,0,0,0
6,0,0,0,0,1,0,0,1,0,1,0,1,1
6,1,1,1,1,1,1,1,1,1,1,1,1,0
6,1,1,1,1,1,1,0,1,1,1,1,1,0
6,1,1,1,0,1,1,1,1,1,0,1,0,1
6,0,0,1,0,0,1,0,0,1,0,1,0,0
6,0,0,0,1,0,0,1,0,1,0,1,1,1
6,1,0,1,1,1,1,0,0,1,0,1,1,1
6,1,1,1,1,1,0,1,1,1,1,1,0,1
6,1,0,1,1,1,1,1,1,1,1,1,1,0
6,1,1,1,1,1,0,0,1,1,1,1,0,1
6,0,0,0,1,0,0,0,0,0,0,0,1,1
6,1,1,1,1,1,1,0,1,1,0,1,0,1
6,0,0,0,0,0,0,0,0,0,0,0,0,0
6,1,1,1,1,1,1,1,0,0,0,0,1,1
6,0,0,0,0,0,0,0,0,0,0,0,0,0
6,1,1,1,1,1,1,1,1,1,0,1,1,1
6,1,1,1,1,1,1,0,0,0,1,1,0,1
6,1,1,1,1,0,1,0,1,0,0,1,1,1
6,1,1,1,1,1,1,0,1,0,0,1,0,1
6,0,0,0,0,0,1,0,0,1,1,0,1,0
6,1,1,1,1,1,1,0,1,1,0,1,1,1
6,0,0,0,0,0,0,0,1,0,1,0,1,0
6,0,0,0,0,0,0,0,0,1,0,0,1,1
6,0,0,0,0,1,1,0,1,1,1,0,1,1
6,0,0,0,0,0,0,1,0,0,0,1,1,1
6,1,1,1,1,1,0,1,0,0,0,1,1,0
6,0,0,1,0,0,0,1,0,0,0,1,1,1
6,0,0,0,0,0,0,1,0,0,1,0,0,0
6,0,0,0,0,0,0,1,0,0,0,0,0,1
6,1,1,1,0,1,1,1,0,1,0,1,1,0
6,1,1,1,1,1,1,0,1,0,1,1,1,0
6,1,1,1,1,0,1,0,1,1,1,0,1,1
6,1,0,1,1,1,0,0,0,1,1,1,0,0
6,0,0,0,0,0,1,1,0,1,1,0,1,1
6,0,0,0,0,0,1,0,0,0,1,0,0,0
6,1,1,1,0,1,1,1,1,1,0,1,1,0
