index,datetime,heartRate,step,distance,calories,date
0,2023-06-04 23:08:00,53,50,0.02,1.03,2023-06-04
1,2023-06-04 20:25:00,89,199,0.11,6.1,2023-06-04
2,2023-06-04 20:12:00,85,93,0.06,2.65,2023-06-04
3,2023-06-04 18:30:00,73,60,0.02,1.54,2023-06-04
4,2023-06-04 17:59:00,60,35,0.01,0.92,2023-06-04
5,2023-06-04 17:29:00,54,89,0.05,2.59,2023-06-04
6,2023-06-04 17:17:00,99,672,0.37,19.81,2023-06-04
7,2023-06-04 17:07:00,74,790,0.48,24.53,2023-06-04
8,2023-06-04 16:57:00,80,640,0.38,19.84,2023-06-04
9,2023-06-04 16:47:00,96,815,0.46,24.39,2023-06-04
10,2023-06-04 16:37:00,85,910,0.48,25.34,2023-06-04
11,2023-06-04 16:22:00,101,117,0.06,3.65,2023-06-04
12,2023-06-04 16:12:00,84,144,0.09,4.38,2023-06-04
13,2023-06-04 12:07:00,73,92,0.05,2.94,2023-06-04
14,2023-06-04 11:07:00,61,112,0.07,3.45,2023-06-04
15,2023-06-04 10:16:00,76,51,0.02,1.53,2023-06-04
16,2023-06-04 10:06:00,73,129,0.07,3.78,2023-06-04
17,2023-06-04 09:56:00,95,861,0.54,26.88,2023-06-04
18,2023-06-04 09:28:00,78,835,0.53,26.5,2023-06-04
19,2023-06-04 09:18:00,85,1115,0.69,34.18,2023-06-04
20,2023-06-04 08:35:00,93,971,0.62,30.96,2023-06-04
21,2023-06-04 08:09:00,81,411,0.26,13.27,2023-06-04
22,2023-06-04 07:59:00,85,672,0.42,20.96,2023-06-04
23,2023-06-04 06:46:00,59,22,0.0,0.6,2023-06-04
24,2023-06-04 01:54:00,53,10,0.0,0.11,2023-06-04
25,2023-06-04 01:27:00,66,26,0.0,0.83,2023-06-04
26,2023-06-03 23:11:00,69,16,0.01,0.61,2023-06-03
27,2023-06-03 22:05:00,74,11,0.0,0.41,2023-06-03
28,2023-06-03 21:29:00,87,89,0.05,3.21,2023-06-03
29,2023-06-03 21:19:00,85,237,0.14,7.21,2023-06-03
30,2023-06-03 21:06:00,73,148,0.07,4.82,2023-06-03
31,2023-06-03 19:02:00,66,122,0.07,3.66,2023-06-03
32,2023-06-03 18:18:00,75,96,0.05,3.2,2023-06-03
33,2023-06-03 18:05:00,63,31,0.02,0.98,2023-06-03
34,2023-06-03 17:43:00,96,50,0.03,1.6,2023-06-03
35,2023-06-03 17:31:00,76,31,0.02,1.21,2023-06-03
36,2023-06-03 17:19:00,70,55,0.02,1.7,2023-06-03
37,2023-06-03 17:05:00,83,373,0.24,12.18,2023-06-03
38,2023-06-03 16:55:00,79,920,0.57,29.3,2023-06-03
39,2023-06-03 16:45:00,88,486,0.31,16.18,2023-06-03
40,2023-06-03 16:35:00,85,879,0.56,28.37,2023-06-03
41,2023-06-03 16:24:00,91,816,0.53,26.65,2023-06-03
42,2023-06-03 16:14:00,82,763,0.45,22.89,2023-06-03
43,2023-06-03 16:03:00,87,161,0.08,4.98,2023-06-03
44,2023-06-03 14:42:00,69,63,0.03,1.9,2023-06-03
45,2023-06-03 12:53:00,75,112,0.06,3.46,2023-06-03
46,2023-06-03 12:36:00,73,26,0.02,0.83,2023-06-03
47,2023-06-03 12:24:00,68,13,0.0,0.22,2023-06-03
48,2023-06-03 12:13:00,85,83,0.05,2.75,2023-06-03
49,2023-06-03 11:50:00,85,104,0.04,3.01,2023-06-03
50,2023-06-03 11:40:00,88,75,0.04,2.18,2023-06-03
51,2023-06-03 11:30:00,82,63,0.04,2.16,2023-06-03
52,2023-06-03 11:20:00,80,145,0.09,5.0,2023-06-03
53,2023-06-03 11:10:00,84,92,0.06,3.12,2023-06-03
54,2023-06-03 11:00:00,85,90,0.05,2.59,2023-06-03
55,2023-06-03 10:35:00,63,40,0.03,1.3,2023-06-03
56,2023-06-03 09:50:00,75,134,0.07,4.68,2023-06-03
57,2023-06-03 09:40:00,101,862,0.58,28.26,2023-06-03
58,2023-06-03 09:30:00,83,240,0.14,7.4,2023-06-03
59,2023-06-03 09:20:00,93,277,0.18,9.17,2023-06-03
60,2023-06-03 09:10:00,88,430,0.23,13.45,2023-06-03
61,2023-06-03 08:59:00,93,153,0.09,5.09,2023-06-03
62,2023-06-03 08:49:00,93,176,0.1,5.85,2023-06-03
63,2023-06-03 08:39:00,114,659,0.44,21.42,2023-06-03
64,2023-06-03 08:29:00,95,451,0.3,15.34,2023-06-03
65,2023-06-03 08:18:00,108,102,0.06,3.15,2023-06-03
66,2023-06-03 07:58:00,108,29,0.02,1.01,2023-06-03
67,2023-06-03 07:44:00,95,32,0.02,16.0,2023-06-03
68,2023-06-03 07:24:00,115,373,0.2,41.0,2023-06-03
69,2023-06-03 07:14:00,90,606,0.47,51.73,2023-06-03
70,2023-06-03 07:04:00,129,1642,1.42,96.83,2023-06-03
71,2023-06-03 06:54:00,157,1553,1.25,83.42,2023-06-03
72,2023-06-03 06:44:00,161,1363,1.06,68.0,2023-06-03
73,2023-06-03 06:34:00,140,1655,1.43,98.16,2023-06-03
74,2023-06-03 06:24:00,155,1666,1.44,98.5,2023-06-03
75,2023-06-03 06:14:00,171,1323,1.06,68.53,2023-06-03
76,2023-06-03 06:04:00,138,318,0.2,10.24,2023-06-03
77,2023-06-03 05:21:00,54,55,0.02,1.68,2023-06-03
78,2023-06-03 03:32:00,76,15,0.0,0.3,2023-06-03
79,2023-06-03 00:48:00,59,50,0.02,1.53,2023-06-03
80,2023-06-02 21:54:00,66,64,0.04,2.15,2023-06-02
81,2023-06-02 21:40:00,91,149,0.08,4.41,2023-06-02
82,2023-06-02 21:29:00,82,142,0.09,4.51,2023-06-02
83,2023-06-02 21:19:00,95,110,0.07,3.69,2023-06-02
84,2023-06-02 21:09:00,79,465,0.29,0.0,2023-06-02
85,2023-06-02 20:59:00,93,1029,0.64,0.0,2023-06-02
86,2023-06-02 20:49:00,86,1000,0.61,0.0,2023-06-02
87,2023-06-02 20:39:00,82,986,0.59,0.0,2023-06-02
88,2023-06-02 20:29:00,101,1025,0.6,0.0,2023-06-02
89,2023-06-02 20:19:00,89,888,0.57,0.0,2023-06-02
90,2023-06-02 20:08:00,79,251,0.14,5.55,2023-06-02
91,2023-06-02 19:17:00,85,22,0.01,0.4,2023-06-02
92,2023-06-02 19:05:00,67,114,0.07,3.36,2023-06-02
93,2023-06-02 18:20:00,69,24,0.01,0.68,2023-06-02
94,2023-06-02 17:49:00,74,10,0.0,0.39,2023-06-02
95,2023-06-02 17:09:00,63,307,0.17,9.29,2023-06-02
96,2023-06-02 16:57:00,83,327,0.18,9.89,2023-06-02
97,2023-06-02 16:45:00,87,284,0.17,8.96,2023-06-02
98,2023-06-02 16:04:00,75,20,0.01,0.64,2023-06-02
99,2023-06-02 15:47:00,84,35,0.03,1.12,2023-06-02
100,2023-06-02 15:27:00,81,103,0.05,3.04,2023-06-02
101,2023-06-02 15:05:00,91,140,0.08,4.58,2023-06-02
102,2023-06-02 14:28:00,76,20,0.01,0.41,2023-06-02
103,2023-06-02 14:12:00,74,29,0.01,0.61,2023-06-02
104,2023-06-02 12:39:00,84,234,0.15,7.93,2023-06-02
105,2023-06-02 12:29:00,88,189,0.09,4.91,2023-06-02
